time,pm10,pm2_5,carbon_monoxide,nitrogen_dioxide,ozone,dust
2025-09-23T00:00,46.3,46.0,469.0,68.6,4.0,0.0
2025-09-23T01:00,39.1,38.6,408.0,63.4,5.0,0.0
2025-09-23T02:00,32.6,32.1,322.0,56.9,7.0,0.0
2025-09-23T03:00,27.6,27.2,267.0,50.4,10.0,0.0
2025-09-23T04:00,21.2,20.8,266.0,44.2,14.0,0.0
2025-09-23T05:00,15.9,15.6,296.0,38.0,19.0,0.0
2025-09-23T06:00,26.7,26.4,348.0,45.2,10.0,0.0
2025-09-23T07:00,23.3,23.1,443.0,39.6,20.0,0.0
2025-09-23T08:00,16.6,16.3,559.0,31.6,35.0,0.0
2025-09-23T09:00,13.2,12.9,623.0,24.3,50.0,0.0
2025-09-23T10:00,10.1,9.8,589.0,18.2,65.0,0.0
2025-09-23T11:00,8.8,8.5,503.0,12.8,81.0,0.0
2025-09-23T12:00,7.7,7.4,422.0,8.8,92.0,0.0
2025-09-23T13:00,7.3,7.1,353.0,6.2,97.0,0.0
2025-09-23T14:00,6.3,6.1,289.0,5.2,99.0,0.0
2025-09-23T15:00,5.3,5.2,271.0,6.8,94.0,0.0
2025-09-23T16:00,4.8,4.7,335.0,12.5,81.0,0.0
2025-09-23T17:00,4.7,4.6,445.0,20.9,63.0,0.0
2025-09-23T18:00,19.8,18.6,529.0,27.5,59.0,1.0
2025-09-23T19:00,36.1,35.2,559.0,37.1,45.0,1.0
2025-09-23T20:00,40.5,39.5,562.0,50.1,27.0,1.0
2025-09-23T21:00,41.9,40.9,550.0,58.9,13.0,1.0
2025-09-23T22:00,48.5,47.4,522.0,59.2,9.0,1.0
2025-09-23T23:00,48.9,47.8,480.0,55.3,10.0,1.0
2025-09-24T00:00,45.9,44.8,436.0,51.7,11.0,1.0
2025-09-24T01:00,48.8,47.8,389.0,50.2,11.0,1.0
2025-09-24T02:00,46.2,45.4,342.0,49.1,11.0,1.0
2025-09-24T03:00,39.9,39.1,311.0,47.5,12.0,1.0
2025-09-24T04:00,32.7,31.9,302.0,45.6,12.0,1.0
2025-09-24T05:00,26.0,25.3,310.0,43.2,11.0,0.0
2025-09-24T06:00,15.2,14.8,342.0,38.7,15.0,0.0
2025-09-24T07:00,16.6,16.3,422.0,35.4,22.0,0.0
2025-09-24T08:00,15.6,15.3,525.0,30.7,34.0,0.0
2025-09-24T09:00,15.5,15.3,588.0,25.8,47.0,0.0
2025-09-24T10:00,12.0,11.7,575.0,20.4,65.0,0.0
2025-09-24T11:00,11.0,10.7,520.0,14.9,85.0,0.0
2025-09-24T12:00,10.7,10.5,465.0,11.0,101.0,0.0
2025-09-24T13:00,10.7,10.5,407.0,9.2,110.0,0.0
2025-09-24T14:00,11.4,11.2,348.0,9.1,115.0,0.0
2025-09-24T15:00,11.1,10.9,337.0,11.6,113.0,0.0
2025-09-24T16:00,11.4,11.2,392.0,17.4,101.0,0.0
2025-09-24T17:00,11.5,11.3,495.0,25.8,81.0,0.0
2025-09-24T18:00,20.3,19.9,643.0,42.3,69.0,0.0
2025-09-24T19:00,30.7,30.4,870.0,55.4,51.0,0.0
2025-09-24T20:00,37.5,37.3,1142.0,73.3,27.0,0.0
2025-09-24T21:00,37.0,36.8,1351.0,85.4,10.0,0.0
2025-09-24T22:00,39.2,39.0,1464.0,85.9,7.0,0.0
2025-09-24T23:00,31.3,31.1,1514.0,80.6,11.0,0.0
2025-09-25T00:00,27.7,27.5,1487.0,76.0,14.0,0.0
2025-09-25T01:00,27.2,27.0,1343.0,74.6,12.0,0.0
2025-09-25T02:00,30.5,30.4,1122.0,73.8,10.0,0.0
2025-09-25T03:00,28.4,28.2,928.0,72.6,7.0,0.0
2025-09-25T04:00,27.6,27.4,788.0,71.0,3.0,0.0
2025-09-25T05:00,27.4,27.2,674.0,69.0,0.0,0.0
2025-09-25T06:00,25.2,25.0,608.0,68.7,4.0,0.0
2025-09-25T07:00,33.1,32.8,626.0,63.3,17.0,0.0
2025-09-25T08:00,32.6,32.5,691.0,55.4,37.0,0.0
2025-09-25T09:00,19.8,19.7,719.0,46.9,57.0,0.0
2025-09-25T10:00,15.2,15.1,661.0,37.2,80.0,0.0
2025-09-25T11:00,14.9,14.8,565.0,26.9,103.0,0.0
2025-09-25T12:00,13.8,13.7,494.0,19.5,120.0,0.0
2025-09-25T13:00,20.7,20.5,458.0,15.6,127.0,0.0
2025-09-25T14:00,21.8,21.6,447.0,14.7,127.0,0.0
2025-09-25T15:00,22.2,22.1,488.0,18.6,120.0,0.0
2025-09-25T16:00,23.2,23.1,598.0,29.8,104.0,0.0
2025-09-25T17:00,25.5,25.4,760.0,45.7,82.0,0.0
2025-09-25T18:00,25.1,24.9,951.0,53.4,56.0,0.0
2025-09-25T19:00,37.0,36.9,1204.0,65.5,43.0,0.0
2025-09-25T20:00,42.5,42.3,1486.0,82.1,26.0,0.0
2025-09-25T21:00,49.6,49.4,1674.0,93.8,12.0,0.0
2025-09-25T22:00,56.1,56.0,1705.0,96.3,5.0,0.0
2025-09-25T23:00,62.6,62.6,1642.0,93.8,2.0,0.0
2025-09-26T00:00,62.6,62.4,1556.0,89.9,0.0,0.0
2025-09-26T01:00,57.6,57.5,1447.0,85.0,0.0,0.0
2025-09-26T02:00,50.5,50.4,1314.0,78.7,0.0,0.0
2025-09-26T03:00,43.9,43.9,1222.0,73.2,0.0,0.0
2025-09-26T04:00,38.8,38.6,1199.0,69.7,0.0,0.0
2025-09-26T05:00,34.1,34.0,1217.0,67.1,0.0,0.0
2025-09-26T06:00,31.4,31.4,1255.0,69.5,0.0,0.0
2025-09-26T07:00,30.4,30.3,1355.0,61.2,18.0,0.0
2025-09-26T08:00,30.9,30.7,1475.0,49.5,43.0,0.0
2025-09-26T09:00,25.2,25.1,1471.0,38.2,66.0,0.0
2025-09-26T10:00,18.7,18.5,1223.0,27.9,86.0,0.0
2025-09-26T11:00,13.4,13.2,851.0,18.0,105.0,0.0
2025-09-26T12:00,12.0,11.7,564.0,10.8,116.0,0.0
2025-09-26T13:00,12.3,12.0,441.0,6.6,118.0,0.0
2025-09-26T14:00,11.8,11.5,404.0,5.1,114.0,0.0
2025-09-26T15:00,10.3,10.1,424.0,8.2,104.0,0.0
2025-09-26T16:00,11.8,11.5,515.0,18.7,86.0,0.0
2025-09-26T17:00,15.1,14.9,665.0,33.8,63.0,0.0
2025-09-26T18:00,27.1,26.6,803.0,42.5,59.0,1.0
2025-09-26T19:00,38.5,38.1,900.0,50.9,46.0,1.0
2025-09-26T20:00,36.7,36.2,987.0,62.5,28.0,1.0
2025-09-26T21:00,35.2,34.7,1086.0,70.7,15.0,1.0
2025-09-26T22:00,39.1,38.8,1224.0,72.8,10.0,1.0
2025-09-26T23:00,40.2,39.8,1375.0,71.5,9.0,0.0
2025-09-27T00:00,41.6,41.2,1485.0,68.7,10.0,0.0
2025-09-27T01:00,40.2,39.8,1533.0,64.0,12.0,0.0
2025-09-27T02:00,33.3,33.1,1540.0,57.7,15.0,0.0
2025-09-27T03:00,24.9,24.6,1519.0,52.7,17.0,0.0
2025-09-27T04:00,21.1,20.9,1474.0,51.1,15.0,0.0
2025-09-27T05:00,21.5,21.3,1402.0,50.8,12.0,0.0
2025-09-27T06:00,28.2,27.9,1304.0,56.9,4.0,0.0
2025-09-27T07:00,33.5,33.3,1170.0,48.2,21.0,0.0
2025-09-27T08:00,32.7,32.5,1012.0,35.9,45.0,0.0
2025-09-27T09:00,20.3,20.0,863.0,25.2,68.0,0.0
2025-09-27T10:00,16.0,15.8,730.0,17.4,88.0,0.0
2025-09-27T11:00,13.9,13.7,608.0,11.1,106.0,0.0
2025-09-27T12:00,13.7,13.5,514.0,6.9,118.0,0.0
2025-09-27T13:00,12.8,12.7,449.0,4.0,121.0,0.0
2025-09-27T14:00,12.3,12.1,413.0,3.1,116.0,0.0
2025-09-27T15:00,13.0,12.9,425.0,7.0,107.0,0.0
2025-09-27T16:00,13.5,13.4,512.0,18.6,91.0,0.0
2025-09-27T17:00,18.7,18.6,648.0,35.0,69.0,0.0
2025-09-27T18:00,25.4,25.2,775.0,55.0,38.0,0.0
2025-09-27T19:00,27.9,27.8,892.0,57.8,35.0,0.0
2025-09-27T20:00,31.2,31.0,1000.0,61.6,31.0,0.0
2025-09-27T21:00,33.1,32.8,1046.0,64.6,28.0,0.0
2025-09-27T22:00,34.5,34.2,985.0,66.4,26.0,0.0
2025-09-27T23:00,35.9,35.7,862.0,67.4,24.0,0.0
2025-09-28T00:00,38.6,38.5,752.0,66.8,23.0,0.0
2025-09-28T01:00,37.0,36.9,684.0,63.5,24.0,0.0
2025-09-28T02:00,30.6,30.5,629.0,58.6,27.0,0.0
2025-09-28T03:00,29.1,29.0,580.0,54.8,29.0,0.0
2025-09-28T04:00,27.9,27.8,530.0,54.0,28.0,0.0
2025-09-28T05:00,27.0,26.9,487.0,54.1,26.0,0.0
2025-09-28T06:00,23.9,23.9,465.0,54.8,24.0,0.0
2025-09-28T07:00,24.4,24.4,482.0,49.1,31.0,0.0
2025-09-28T08:00,21.3,21.2,521.0,41.1,43.0,0.0
2025-09-28T09:00,18.3,18.2,543.0,33.4,58.0,0.0
2025-09-28T10:00,15.3,15.2,524.0,26.6,81.0,0.0
2025-09-28T11:00,14.0,14.0,489.0,20.1,107.0,0.0
2025-09-28T12:00,14.0,14.0,466.0,15.1,129.0,0.0
2025-09-28T13:00,14.2,14.1,447.0,10.4,145.0,0.0
2025-09-28T14:00,14.6,14.5,440.0,7.2,156.0,0.0
2025-09-28T15:00,13.2,13.1,507.0,10.4,153.0,0.0
2025-09-28T16:00,13.2,13.2,707.0,24.7,127.0,0.0
2025-09-28T17:00,14.8,14.8,979.0,45.4,86.0,0.0
2025-09-28T18:00,31.9,31.5,1205.0,46.0,76.0,0.0
2025-09-28T19:00,40.9,40.6,1352.0,56.0,59.0,0.0
2025-09-28T20:00,43.1,42.8,1451.0,69.5,36.0,0.0
2025-09-28T21:00,39.5,39.2,1480.0,77.4,20.0,0.0
2025-09-28T22:00,33.5,33.2,1417.0,74.6,16.0,0.0
2025-09-28T23:00,25.3,25.0,1283.0,66.4,19.0,0.0
2025-09-29T00:00,24.9,24.7,1118.0,59.0,22.0,0.0
2025-09-29T01:00,24.7,24.6,905.0,54.7,23.0,0.0
2025-09-29T02:00,21.4,21.2,662.0,51.3,24.0,0.0
2025-09-29T03:00,19.0,18.9,481.0,49.0,25.0,0.0
2025-09-29T04:00,19.6,19.4,399.0,48.6,24.0,0.0
2025-09-29T05:00,19.0,18.9,380.0,49.1,22.0,0.0
2025-09-29T06:00,26.3,26.1,410.0,50.0,10.0,0.0
2025-09-29T07:00,23.2,23.1,526.0,45.4,18.0,0.0
2025-09-29T08:00,19.8,19.8,690.0,38.9,30.0,0.0
2025-09-29T09:00,16.1,16.1,780.0,32.8,47.0,0.0
2025-09-29T10:00,16.2,16.1,714.0,27.8,72.0,0.0
2025-09-29T11:00,15.9,15.8,573.0,23.3,103.0,0.0
2025-09-29T12:00,17.5,17.5,473.0,19.9,127.0,0.0
2025-09-29T13:00,16.5,16.4,456.0,16.8,143.0,0.0
2025-09-29T14:00,18.2,18.1,481.0,14.8,152.0,0.0
2025-09-29T15:00,18.7,18.7,534.0,16.8,153.0,0.0
2025-09-29T16:00,19.4,19.4,641.0,24.3,141.0,0.0
2025-09-29T17:00,20.9,20.8,777.0,35.9,120.0,0.0
2025-09-29T18:00,29.6,29.2,857.0,42.0,131.0,0.0
2025-09-29T19:00,46.0,45.8,821.0,54.6,108.0,0.0
2025-09-29T20:00,45.8,45.5,729.0,71.7,76.0,0.0
2025-09-29T21:00,41.0,40.7,675.0,82.7,52.0,0.0
2025-09-29T22:00,34.9,34.7,718.0,82.8,44.0,0.0
2025-09-29T23:00,37.1,36.8,799.0,76.8,44.0,0.0
2025-09-30T00:00,38.0,37.7,830.0,69.0,45.0,0.0
2025-09-30T01:00,35.9,35.6,760.0,59.4,47.0,0.0
2025-09-30T02:00,30.6,30.4,639.0,48.1,51.0,0.0
2025-09-30T03:00,25.7,25.5,537.0,38.9,53.0,0.0
2025-09-30T04:00,19.0,18.8,470.0,33.8,50.0,0.0
2025-09-30T05:00,17.5,17.3,420.0,30.8,46.0,0.0
2025-09-30T06:00,13.6,13.5,404.0,24.8,47.0,0.0
2025-09-30T07:00,12.5,12.4,446.0,25.8,48.0,0.0
2025-09-30T08:00,11.6,11.5,521.0,27.0,49.0,0.0
2025-09-30T09:00,10.3,10.2,570.0,26.2,57.0,0.0
2025-09-30T10:00,10.2,10.1,567.0,21.5,77.0,0.0
2025-09-30T11:00,10.2,10.1,539.0,14.8,102.0,0.0
2025-09-30T12:00,11.3,11.1,507.0,9.6,123.0,0.0
2025-09-30T13:00,11.6,11.5,446.0,6.4,135.0,0.0
2025-09-30T14:00,11.4,11.3,380.0,4.7,143.0,0.0
2025-09-30T15:00,10.4,10.3,404.0,6.6,141.0,0.0
2025-09-30T16:00,9.5,9.4,613.0,13.7,127.0,0.0
2025-09-30T17:00,8.7,8.6,912.0,24.5,103.0,0.0
2025-09-30T18:00,16.9,16.8,1107.0,35.0,84.0,0.0
2025-09-30T19:00,23.3,23.3,1100.0,44.9,65.0,0.0
2025-09-30T20:00,28.1,28.0,990.0,58.5,39.0,0.0
2025-09-30T21:00,30.2,30.2,873.0,67.8,19.0,0.0
2025-09-30T22:00,30.9,30.7,777.0,70.3,10.0,0.0
2025-09-30T23:00,30.4,30.3,674.0,68.6,7.0,0.0
2025-10-01T00:00,28.5,28.3,583.0,62.6,12.0,0.0
2025-10-01T01:00,20.8,20.6,503.0,49.1,29.0,0.0
2025-10-01T02:00,16.4,16.1,433.0,31.4,53.0,0.0
2025-10-01T03:00,13.9,13.6,395.0,19.0,69.0,0.0
2025-10-01T04:00,13.9,13.7,402.0,17.2,68.0,0.0
2025-10-01T05:00,14.9,14.7,440.0,20.8,60.0,0.0
2025-10-01T06:00,17.8,17.7,483.0,35.7,44.0,0.0
2025-10-01T07:00,22.6,22.5,535.0,34.1,50.0,0.0
2025-10-01T08:00,22.8,22.6,593.0,31.8,60.0,0.0
2025-10-01T09:00,18.6,18.5,617.0,28.6,74.0,0.0
2025-10-01T10:00,15.7,15.6,580.0,23.6,97.0,0.0
2025-10-01T11:00,15.3,15.2,510.0,17.8,125.0,0.0
2025-10-01T12:00,15.4,15.3,455.0,13.9,145.0,0.0
2025-10-01T13:00,16.2,16.1,427.0,13.0,151.0,0.0
2025-10-01T14:00,13.6,13.4,415.0,14.0,148.0,0.0
2025-10-01T15:00,13.8,13.7,431.0,16.5,140.0,0.0
2025-10-01T16:00,12.7,12.5,494.0,20.4,127.0,0.0
2025-10-01T17:00,11.4,11.2,586.0,25.7,110.0,0.0
2025-10-01T18:00,20.0,19.3,662.0,38.4,95.0,1.0
2025-10-01T19:00,28.5,27.9,715.0,51.1,74.0,1.0
2025-10-01T20:00,38.0,37.4,752.0,68.5,45.0,1.0
2025-10-01T21:00,39.5,39.0,749.0,80.5,23.0,1.0
2025-10-01T22:00,39.0,38.4,678.0,82.1,16.0,1.0
2025-10-01T23:00,37.5,36.9,566.0,78.3,16.0,1.0
2025-10-02T00:00,34.7,34.1,471.0,73.5,17.0,1.0
2025-10-02T01:00,30.5,29.8,414.0,68.9,18.0,1.0
2025-10-02T02:00,30.7,30.2,374.0,63.2,20.0,0.0
2025-10-02T03:00,29.2,28.8,343.0,57.2,24.0,0.0
2025-10-02T04:00,26.6,26.1,312.0,50.6,30.0,0.0
2025-10-02T05:00,23.5,23.1,291.0,43.6,38.0,0.0
2025-10-02T06:00,20.8,20.4,301.0,40.2,44.0,0.0
2025-10-02T07:00,21.5,21.1,377.0,36.0,54.0,0.0
2025-10-02T08:00,20.5,20.0,486.0,30.0,67.0,0.0
2025-10-02T09:00,18.2,17.6,545.0,24.4,80.0,0.0
2025-10-02T10:00,14.3,13.8,507.0,19.6,91.0,0.0
2025-10-02T11:00,13.0,12.5,421.0,15.1,102.0,0.0
2025-10-02T12:00,12.3,11.8,349.0,11.7,111.0,0.0
2025-10-02T13:00,11.7,11.3,290.0,8.9,119.0,0.0
2025-10-02T14:00,10.6,10.3,246.0,7.2,125.0,0.0
2025-10-02T15:00,8.9,8.7,288.0,8.4,123.0,0.0
2025-10-02T16:00,7.0,6.9,501.0,13.8,109.0,0.0
2025-10-02T17:00,6.7,6.6,801.0,22.1,88.0,0.0
2025-10-02T18:00,14.7,14.1,1007.0,27.2,72.0,0.0
2025-10-02T19:00,21.4,20.9,1042.0,35.2,60.0,0.0
2025-10-02T20:00,22.4,21.9,985.0,46.1,43.0,0.0
2025-10-02T21:00,19.3,18.9,887.0,52.9,32.0,0.0
2025-10-02T22:00,18.1,17.8,742.0,52.3,31.0,0.0
2025-10-02T23:00,16.3,15.9,558.0,47.6,36.0,0.0
2025-10-03T00:00,13.5,13.2,410.0,41.5,42.0,0.0
2025-10-03T01:00,10.3,10.1,329.0,33.6,50.0,0.0
2025-10-03T02:00,9.2,9.0,285.0,24.2,59.0,0.0
2025-10-03T03:00,8.5,8.4,260.0,17.6,65.0,0.0
2025-10-03T04:00,7.7,7.6,245.0,15.9,65.0,0.0
2025-10-03T05:00,6.8,6.8,249.0,17.0,63.0,0.0
2025-10-03T06:00,7.1,7.0,282.0,16.8,60.0,0.0
2025-10-03T07:00,8.8,8.8,377.0,18.7,62.0,0.0
2025-10-03T08:00,9.9,9.8,500.0,21.2,66.0,0.0
2025-10-03T09:00,8.3,8.2,564.0,21.9,72.0,0.0
2025-10-03T10:00,7.5,7.3,508.0,19.1,82.0,0.0
2025-10-03T11:00,7.6,7.4,392.0,14.6,95.0,0.0
2025-10-03T12:00,8.5,8.3,305.0,11.1,106.0,0.0
2025-10-03T13:00,10.0,9.7,270.0,9.1,114.0,0.0
2025-10-03T14:00,10.2,9.9,263.0,8.0,121.0,0.0
2025-10-03T15:00,10.4,10.1,306.0,9.4,120.0,0.0
2025-10-03T16:00,9.8,9.5,446.0,14.4,108.0,0.0
2025-10-03T17:00,9.4,9.1,635.0,21.8,90.0,0.0
2025-10-03T18:00,19.0,17.9,752.0,33.2,71.0,0.0
2025-10-03T19:00,22.7,22.0,731.0,38.9,61.0,0.0
2025-10-03T20:00,21.0,20.3,639.0,46.9,48.0,0.0
2025-10-03T21:00,21.4,20.7,553.0,52.7,37.0,0.0
2025-10-03T22:00,20.4,19.6,501.0,55.3,32.0,0.0
2025-10-03T23:00,23.5,22.7,456.0,55.9,30.0,0.0
2025-10-04T00:00,24.5,23.8,411.0,53.5,31.0,0.0
2025-10-04T01:00,22.9,22.2,359.0,46.0,39.0,0.0
2025-10-04T02:00,20.8,20.1,308.0,35.6,50.0,0.0
2025-10-04T03:00,19.3,18.6,275.0,27.7,58.0,0.0
2025-10-04T04:00,18.4,17.8,264.0,25.0,58.0,0.0
2025-10-04T05:00,17.8,17.2,271.0,24.9,55.0,0.0
2025-10-04T06:00,20.5,20.1,296.0,37.4,37.0,0.0
2025-10-04T07:00,23.1,22.6,353.0,35.1,44.0,0.0
2025-10-04T08:00,22.6,22.0,429.0,31.8,54.0,0.0
2025-10-04T09:00,18.4,17.8,477.0,28.0,68.0,0.0
2025-10-04T10:00,15.8,15.3,470.0,23.5,87.0,0.0
2025-10-04T11:00,15.7,15.2,437.0,18.5,108.0,0.0
2025-10-04T12:00,16.5,16.0,418.0,14.7,127.0,0.0
2025-10-04T13:00,17.6,17.1,420.0,11.3,143.0,0.0
2025-10-04T14:00,21.3,20.8,436.0,9.1,157.0,0.0
2025-10-04T15:00,18.5,18.1,486.0,11.5,158.0,0.0
2025-10-04T16:00,17.7,17.2,598.0,21.8,140.0,0.0
2025-10-04T17:00,27.1,26.5,744.0,36.7,110.0,0.0
2025-10-04T18:00,32.2,31.5,862.0,55.1,81.0,0.0
2025-10-04T19:00,35.2,34.6,933.0,61.6,69.0,0.0
2025-10-04T20:00,34.7,34.2,977.0,70.7,52.0,0.0
2025-10-04T21:00,36.2,35.9,988.0,78.0,38.0,0.0
2025-10-04T22:00,36.6,36.2,963.0,82.0,29.0,0.0
2025-10-04T23:00,38.3,38.0,905.0,84.2,22.0,0.0
2025-10-05T00:00,35.9,35.5,820.0,84.4,17.0,0.0
2025-10-05T01:00,32.0,31.8,670.0,82.0,15.0,0.0
2025-10-05T02:00,28.3,28.2,493.0,77.6,16.0,0.0
2025-10-05T03:00,24.4,24.3,402.0,73.4,16.0,0.0
2025-10-05T04:00,22.6,22.5,477.0,70.4,14.0,0.0
2025-10-05T05:00,21.1,21.1,639.0,67.6,11.0,0.0
2025-10-05T06:00,28.9,28.8,762.0,72.5,4.0,0.0
2025-10-05T07:00,30.4,30.3,803.0,63.4,18.0,0.0
2025-10-05T08:00,28.6,28.4,806.0,50.6,38.0,0.0
2025-10-05T09:00,22.1,21.9,780.0,39.3,58.0,0.0
2025-10-05T10:00,16.8,16.7,712.0,31.3,79.0,0.0
2025-10-05T11:00,14.8,14.8,615.0,24.8,100.0,0.0
2025-10-05T12:00,14.6,14.5,539.0,20.0,116.0,0.0
2025-10-05T13:00,13.6,13.5,487.0,15.8,125.0,0.0
2025-10-05T14:00,13.9,13.9,456.0,13.2,127.0,0.0
2025-10-05T15:00,15.4,15.3,484.0,15.8,124.0,0.0
2025-10-05T16:00,16.9,16.9,616.0,27.0,111.0,0.0
2025-10-05T17:00,18.5,18.4,808.0,43.3,92.0,0.0
2025-10-05T18:00,31.5,31.2,961.0,56.8,74.0,0.0
2025-10-05T19:00,31.8,31.7,1029.0,61.9,66.0,0.0
2025-10-05T20:00,32.6,32.4,1058.0,69.0,55.0,0.0
2025-10-05T21:00,35.7,35.6,1094.0,75.1,44.0,0.0
2025-10-05T22:00,38.4,38.2,1158.0,79.5,35.0,0.0
2025-10-05T23:00,40.7,40.6,1230.0,82.9,27.0,0.0
2025-10-06T00:00,42.3,42.1,1288.0,83.9,21.0,0.0
2025-10-06T01:00,40.7,40.6,1341.0,81.1,19.0,0.0
2025-10-06T02:00,39.9,39.8,1381.0,76.0,18.0,0.0
2025-10-06T03:00,40.4,40.3,1365.0,71.3,18.0,0.0
2025-10-06T04:00,40.2,40.0,1244.0,68.5,15.0,0.0
2025-10-06T05:00,38.8,38.6,1066.0,66.3,12.0,0.0
2025-10-06T06:00,32.7,32.6,934.0,56.0,11.0,0.0
2025-10-06T07:00,31.5,31.4,907.0,53.8,16.0,0.0
2025-10-06T08:00,32.0,31.9,926.0,50.4,24.0,0.0
2025-10-06T09:00,25.0,24.8,913.0,45.7,39.0,0.0
2025-10-06T10:00,22.4,22.2,821.0,38.4,65.0,0.0
2025-10-06T11:00,19.6,19.4,697.0,29.6,98.0,0.0
2025-10-06T12:00,19.3,19.2,603.0,23.0,123.0,0.0
2025-10-06T13:00,18.4,18.3,550.0,18.4,138.0,0.0
2025-10-06T14:00,18.6,18.6,529.0,15.9,145.0,0.0
2025-10-06T15:00,19.8,19.8,570.0,19.1,141.0,0.0
2025-10-06T16:00,21.1,21.1,729.0,31.4,119.0,0.0
2025-10-06T17:00,20.8,20.7,952.0,49.4,84.0,0.0
2025-10-06T18:00,28.0,27.9,1105.0,57.3,77.0,0.0
2025-10-06T19:00,40.4,40.3,1109.0,68.4,59.0,0.0
2025-10-06T20:00,40.6,40.5,1044.0,83.4,33.0,0.0
2025-10-06T21:00,37.3,37.1,1016.0,92.6,16.0,0.0
2025-10-06T22:00,35.2,35.0,1093.0,90.8,14.0,0.0
2025-10-06T23:00,33.2,33.1,1207.0,83.1,21.0,0.0
2025-10-07T00:00,33.4,33.3,1268.0,75.8,26.0,0.0
2025-10-07T01:00,32.1,32.0,1211.0,71.1,27.0,0.0
2025-10-07T02:00,31.2,31.2,1101.0,66.8,28.0,0.0
2025-10-07T03:00,28.6,28.5,1037.0,61.9,29.0,0.0
2025-10-07T04:00,22.9,22.8,1089.0,56.0,30.0,0.0
2025-10-07T05:00,19.3,19.2,1187.0,49.6,31.0,0.0
2025-10-07T06:00,30.4,30.3,1221.0,71.7,14.0,0.0
2025-10-07T07:00,37.8,37.7,1134.0,64.6,24.0,0.0
2025-10-07T08:00,29.7,29.6,983.0,54.3,38.0,0.0
2025-10-07T09:00,22.1,22.1,825.0,43.3,53.0,0.0
2025-10-07T10:00,13.6,13.6,663.0,30.9,70.0,0.0
2025-10-07T11:00,10.4,10.4,494.0,17.9,87.0,0.0
2025-10-07T12:00,8.7,8.6,364.0,8.4,99.0,0.0
2025-10-07T13:00,8.1,8.0,278.0,4.4,103.0,0.0
2025-10-07T14:00,7.8,7.7,232.0,4.1,102.0,0.0
2025-10-07T15:00,6.8,6.7,259.0,5.9,96.0,0.0
2025-10-07T16:00,5.3,5.3,416.0,9.8,85.0,0.0
2025-10-07T17:00,4.8,4.8,645.0,15.8,70.0,0.0
2025-10-07T18:00,12.9,12.5,811.0,38.2,36.0,0.0
2025-10-07T19:00,17.1,16.8,851.0,42.1,29.0,0.0
2025-10-07T20:00,22.0,21.8,826.0,47.4,20.0,0.0
2025-10-07T21:00,18.5,18.2,785.0,50.2,14.0,0.0
2025-10-07T22:00,14.6,14.3,739.0,49.0,13.0,0.0
2025-10-07T23:00,14.6,14.3,676.0,45.4,14.0,0.0
2025-10-08T00:00,12.5,12.3,611.0,40.2,18.0,0.0
2025-10-08T01:00,7.7,7.6,545.0,32.3,24.0,0.0
2025-10-08T02:00,4.5,4.5,478.0,22.8,33.0,0.0
2025-10-08T03:00,3.4,3.4,420.0,15.7,39.0,0.0
2025-10-08T04:00,2.5,2.4,354.0,12.7,42.0,0.0
2025-10-08T05:00,2.0,2.0,298.0,12.1,43.0,0.0
2025-10-08T06:00,2.4,2.4,320.0,12.9,40.0,0.0
2025-10-08T07:00,4.7,4.7,517.0,16.4,37.0,0.0
2025-10-08T08:00,5.9,5.9,793.0,21.1,34.0,0.0
2025-10-08T09:00,6.6,6.6,927.0,23.6,33.0,0.0
2025-10-08T10:00,5.1,5.1,771.0,21.6,38.0,0.0
2025-10-08T11:00,3.2,3.2,473.0,17.4,46.0,0.0
2025-10-08T12:00,4.5,4.5,260.0,14.1,52.0,0.0
2025-10-08T13:00,3.2,3.2,230.0,12.3,55.0,0.0
2025-10-08T14:00,3.3,3.3,285.0,11.4,57.0,0.0
2025-10-08T15:00,3.4,3.3,362.0,12.7,55.0,0.0
2025-10-08T16:00,4.7,4.6,458.0,18.3,47.0,0.0
2025-10-08T17:00,3.5,3.5,576.0,26.2,35.0,0.0
2025-10-08T18:00,14.4,14.2,654.0,43.0,17.0,0.0
2025-10-08T19:00,9.8,9.7,652.0,39.9,20.0,0.0
2025-10-08T20:00,8.3,8.3,610.0,35.6,24.0,0.0
2025-10-08T21:00,6.5,6.5,590.0,32.6,27.0,0.0
2025-10-08T22:00,5.2,5.1,628.0,32.2,26.0,0.0
2025-10-08T23:00,6.3,6.3,688.0,33.1,24.0,0.0
2025-10-09T00:00,7.2,7.1,718.0,33.4,22.0,0.0
2025-10-09T01:00,6.7,6.7,692.0,32.1,22.0,0.0
2025-10-09T02:00,5.7,5.7,635.0,30.2,22.0,0.0
2025-10-09T03:00,4.2,4.1,576.0,28.6,22.0,0.0
2025-10-09T04:00,3.0,2.9,489.0,27.7,21.0,0.0
2025-10-09T05:00,3.4,3.3,399.0,27.2,20.0,0.0
2025-10-09T06:00,4.8,4.7,405.0,25.7,21.0,0.0
2025-10-09T07:00,6.4,6.3,620.0,26.2,23.0,0.0
2025-10-09T08:00,7.8,7.7,930.0,26.7,26.0,0.0
2025-10-09T09:00,9.2,9.2,1100.0,25.5,31.0,0.0
2025-10-09T10:00,5.3,5.3,980.0,20.6,41.0,0.0
2025-10-09T11:00,4.1,4.1,719.0,14.1,53.0,0.0
2025-10-09T12:00,3.1,3.1,523.0,10.1,62.0,0.0
2025-10-09T13:00,4.3,4.2,457.0,10.3,64.0,0.0
2025-10-09T14:00,4.4,4.4,456.0,13.1,63.0,0.0
2025-10-09T15:00,6.1,6.1,528.0,18.1,58.0,0.0
2025-10-09T16:00,6.7,6.7,731.0,26.8,47.0,0.0
2025-10-09T17:00,9.1,9.1,1007.0,37.6,32.0,0.0
2025-10-09T18:00,18.4,18.3,1186.0,47.5,18.0,0.0
2025-10-09T19:00,18.7,18.6,1179.0,47.5,16.0,0.0
2025-10-09T20:00,16.7,16.6,1075.0,47.6,12.0,0.0
2025-10-09T21:00,18.1,18.0,968.0,47.5,10.0,0.0
2025-10-09T22:00,18.7,18.7,888.0,47.4,9.0,0.0
2025-10-09T23:00,23.4,23.3,805.0,47.3,10.0,0.0
2025-10-10T00:00,23.9,23.9,722.0,46.8,10.0,0.0
2025-10-10T01:00,17.3,17.3,632.0,45.8,10.0,0.0
2025-10-10T02:00,17.9,17.8,542.0,44.4,10.0,0.0
2025-10-10T03:00,15.8,15.7,475.0,43.4,10.0,0.0
2025-10-10T04:00,12.5,12.5,436.0,43.5,8.0,0.0
2025-10-10T05:00,11.1,11.1,420.0,43.9,6.0,0.0
2025-10-10T06:00,10.4,10.3,439.0,44.2,8.0,0.0
2025-10-10T07:00,14.8,14.8,528.0,40.1,16.0,0.0
2025-10-10T08:00,14.8,14.7,652.0,34.4,28.0,0.0
2025-10-10T09:00,10.7,10.7,720.0,28.6,38.0,0.0
2025-10-10T10:00,5.5,5.5,676.0,23.0,46.0,0.0
2025-10-10T11:00,4.6,4.6,576.0,17.3,53.0,0.0
2025-10-10T12:00,4.9,4.9,498.0,13.3,59.0,0.0
2025-10-10T13:00,6.3,6.3,455.0,11.1,66.0,0.0
2025-10-10T14:00,6.3,6.3,434.0,10.4,72.0,0.0
2025-10-10T15:00,5.0,5.0,478.0,12.1,72.0,0.0
2025-10-10T16:00,4.1,4.0,643.0,17.3,64.0,0.0
2025-10-10T17:00,3.7,3.7,872.0,25.0,50.0,0.0
2025-10-10T18:00,16.8,16.6,1035.0,47.6,20.0,0.0
2025-10-10T19:00,17.5,17.4,1082.0,46.3,18.0,0.0
2025-10-10T20:00,12.5,12.4,1063.0,44.4,16.0,0.0
2025-10-10T21:00,10.7,10.6,1000.0,43.1,14.0,0.0
2025-10-10T22:00,10.7,10.7,880.0,43.5,13.0,0.0
2025-10-10T23:00,12.1,12.1,716.0,44.4,12.0,0.0
2025-10-11T00:00,12.9,12.8,568.0,43.0,13.0,0.0
2025-10-11T01:00,8.5,8.5,450.0,37.1,19.0,0.0
2025-10-11T02:00,8.5,8.4,347.0,28.9,27.0,0.0
2025-10-11T03:00,7.0,7.0,277.0,22.5,33.0,0.0
2025-10-11T04:00,5.8,5.8,246.0,19.4,36.0,0.0
2025-10-11T05:00,5.9,5.8,247.0,17.9,37.0,0.0
2025-10-11T06:00,6.4,6.3,283.0,25.3,23.0,0.0
2025-10-11T07:00,11.2,11.1,386.0,26.7,25.0,0.0
2025-10-11T08:00,9.3,9.3,523.0,28.4,28.0,0.0
2025-10-11T09:00,7.7,7.6,595.0,27.8,37.0,0.0
2025-10-11T10:00,6.0,6.0,535.0,22.7,56.0,0.0
2025-10-11T11:00,5.8,5.8,410.0,15.3,80.0,0.0
2025-10-11T12:00,5.7,5.7,316.0,9.7,99.0,0.0
2025-10-11T13:00,5.4,5.4,274.0,6.7,109.0,0.0
2025-10-11T14:00,5.0,5.0,264.0,5.6,113.0,0.0
2025-10-11T15:00,5.0,4.9,319.0,7.9,110.0,0.0
2025-10-11T16:00,4.8,4.8,503.0,14.9,98.0,0.0
2025-10-11T17:00,5.9,5.9,752.0,25.3,79.0,0.0
2025-10-11T18:00,15.3,14.4,909.0,36.8,60.0,0.0
2025-10-11T19:00,31.0,30.2,887.0,46.5,46.0,0.0
2025-10-11T20:00,35.0,34.2,772.0,59.8,27.0,0.0
2025-10-11T21:00,39.8,39.0,664.0,69.3,13.0,0.0
2025-10-11T22:00,41.3,40.6,599.0,71.9,7.0,0.0
2025-10-11T23:00,38.8,38.2,542.0,70.7,6.0,0.0
2025-10-12T00:00,36.3,35.7,487.0,67.6,7.0,0.0
2025-10-12T01:00,29.3,28.8,425.0,62.0,12.0,0.0
2025-10-12T02:00,26.1,25.7,366.0,54.6,20.0,0.0
2025-10-12T03:00,24.6,24.2,333.0,49.4,25.0,0.0
2025-10-12T04:00,25.1,24.7,338.0,49.0,21.0,0.0
2025-10-12T05:00,27.0,26.6,369.0,50.8,14.0,0.0
2025-10-12T06:00,33.5,33.3,409.0,55.5,8.0,0.0
2025-10-12T07:00,43.3,43.0,466.0,46.7,26.0,0.0
2025-10-12T08:00,37.3,37.0,532.0,34.3,50.0,0.0
2025-10-12T09:00,21.5,21.1,574.0,23.6,73.0,0.0
2025-10-12T10:00,17.6,17.1,575.0,16.3,91.0,0.0
2025-10-12T11:00,15.9,15.4,551.0,10.6,107.0,0.0
2025-10-12T12:00,14.6,14.1,517.0,6.7,118.0,0.0
2025-10-12T13:00,13.7,13.2,448.0,3.9,124.0,0.0
2025-10-12T14:00,13.3,12.9,369.0,2.9,126.0,0.0
2025-10-12T15:00,12.7,12.3,366.0,6.1,122.0,0.0
2025-10-12T16:00,12.8,12.5,484.0,15.3,109.0,0.0
2025-10-12T17:00,13.7,13.3,678.0,28.7,89.0,0.0
2025-10-12T18:00,16.5,16.2,904.0,41.6,70.0,0.0
2025-10-12T19:00,22.7,22.6,1189.0,52.5,54.0,0.0
2025-10-12T20:00,28.9,28.7,1506.0,67.6,31.0,0.0
2025-10-12T21:00,34.9,34.8,1725.0,78.8,14.0,0.0
2025-10-12T22:00,40.4,40.3,1793.0,82.7,7.0,0.0
2025-10-12T23:00,49.1,49.0,1764.0,82.6,4.0,0.0
2025-10-13T00:00,55.3,55.2,1669.0,81.1,3.0,0.0
2025-10-13T01:00,54.9,54.8,1486.0,78.3,2.0,0.0
2025-10-13T02:00,52.2,52.0,1239.0,74.1,2.0,0.0
2025-10-13T03:00,49.0,48.9,1026.0,69.8,2.0,0.0
2025-10-13T04:00,45.5,45.4,867.0,66.2,0.0,0.0
2025-10-13T05:00,42.6,42.5,743.0,62.7,0.0,0.0
2025-10-13T06:00,45.6,45.6,701.0,59.4,1.0,0.0
2025-10-13T07:00,52.0,52.0,820.0,60.0,17.0,0.0
2025-10-13T08:00,63.1,62.9,1020.0,60.3,41.0,0.0
2025-10-13T09:00,32.6,32.5,1111.0,56.0,63.0,0.0
2025-10-13T10:00,14.0,13.8,978.0,42.8,83.0,0.0
2025-10-13T11:00,10.8,10.6,735.0,25.0,103.0,0.0
2025-10-13T12:00,10.0,9.8,537.0,11.8,118.0,0.0
2025-10-13T13:00,10.2,10.1,433.0,6.3,130.0,0.0
2025-10-13T14:00,10.9,10.8,374.0,5.5,137.0,0.0
2025-10-13T15:00,11.3,11.2,366.0,8.9,136.0,0.0
2025-10-13T16:00,10.7,10.6,445.0,18.2,121.0,0.0
2025-10-13T17:00,11.3,11.2,575.0,31.9,97.0,0.0
2025-10-13T18:00,16.6,16.3,654.0,35.2,67.0,0.0
2025-10-13T19:00,22.1,21.8,623.0,43.3,52.0,0.0
2025-10-13T20:00,23.9,23.7,542.0,54.4,32.0,0.0
2025-10-13T21:00,25.9,25.7,487.0,62.5,16.0,0.0
2025-10-13T22:00,29.7,29.5,501.0,65.2,10.0,0.0
2025-10-13T23:00,34.5,34.2,542.0,64.8,8.0,0.0
2025-10-14T00:00,34.6,34.3,553.0,62.0,10.0,0.0
2025-10-14T01:00,34.6,34.3,499.0,56.3,16.0,0.0
2025-10-14T02:00,34.9,34.7,416.0,48.3,24.0,0.0
2025-10-14T03:00,24.7,24.3,359.0,40.0,34.0,0.0
2025-10-14T04:00,16.1,15.8,348.0,31.1,44.0,0.0
2025-10-14T05:00,14.1,13.8,363.0,21.9,55.0,0.0
2025-10-14T06:00,15.0,14.7,400.0,25.2,49.0,0.0
2025-10-14T07:00,15.3,15.0,485.0,24.2,54.0,0.0
2025-10-14T08:00,14.6,14.3,593.0,22.7,62.0,0.0
2025-10-14T09:00,12.7,12.5,640.0,20.5,73.0,0.0
2025-10-14T10:00,10.0,9.8,570.0,17.0,91.0,0.0
2025-10-14T11:00,8.7,8.6,440.0,12.7,113.0,0.0
2025-10-14T12:00,8.1,8.0,336.0,9.4,128.0,0.0
2025-10-14T13:00,7.3,7.3,286.0,6.6,134.0,0.0
2025-10-14T14:00,6.6,6.6,263.0,4.7,134.0,0.0
2025-10-14T15:00,5.7,5.6,272.0,6.3,128.0,0.0
2025-10-14T16:00,4.9,4.9,337.0,13.5,114.0,0.0
2025-10-14T17:00,5.0,4.9,433.0,24.3,93.0,0.0
2025-10-14T18:00,18.5,16.9,493.0,32.8,69.0,0.0
2025-10-14T19:00,21.5,20.6,477.0,40.5,54.0,0.0
2025-10-14T20:00,24.3,23.3,423.0,51.2,33.0,0.0
2025-10-14T21:00,28.4,27.5,381.0,58.7,17.0,0.0
2025-10-14T22:00,31.1,30.0,374.0,61.3,10.0,0.0
2025-10-14T23:00,31.0,30.0,379.0,60.9,9.0,0.0
2025-10-15T00:00,32.5,31.8,370.0,57.0,13.0,0.0
2025-10-15T01:00,26.6,25.8,325.0,47.1,25.0,0.0
2025-10-15T02:00,21.9,21.2,267.0,33.7,42.0,0.0
2025-10-15T03:00,17.8,17.0,240.0,23.7,54.0,0.0
2025-10-15T04:00,15.0,14.3,264.0,20.3,56.0,0.0
2025-10-15T05:00,13.5,13.0,319.0,20.3,54.0,0.0
2025-10-15T06:00,17.3,16.9,385.0,31.7,36.0,0.0
2025-10-15T07:00,23.9,23.5,476.0,28.5,46.0,0.0
2025-10-15T08:00,15.7,15.4,577.0,24.0,59.0,0.0
2025-10-15T09:00,9.2,9.0,628.0,19.7,73.0,0.0
2025-10-15T10:00,7.5,7.4,586.0,15.7,87.0,0.0
2025-10-15T11:00,6.8,6.7,494.0,11.9,100.0,0.0
2025-10-15T12:00,6.6,6.5,416.0,9.3,111.0,0.0
2025-10-15T13:00,6.8,6.7,367.0,7.4,120.0,0.0
2025-10-15T14:00,7.4,7.3,333.0,6.7,125.0,0.0
2025-10-15T15:00,7.7,7.6,331.0,9.2,123.0,0.0
2025-10-15T16:00,7.7,7.6,385.0,17.0,108.0,0.0
2025-10-15T17:00,8.0,7.9,472.0,27.9,86.0,0.0
2025-10-15T18:00,20.3,18.9,538.0,41.7,71.0,0.0
2025-10-15T19:00,29.2,28.0,562.0,49.3,54.0,0.0
2025-10-15T20:00,33.5,32.1,566.0,59.9,30.0,0.0
2025-10-15T21:00,38.2,36.8,557.0,68.1,12.0,0.0
2025-10-15T22:00,45.9,44.2,530.0,72.0,5.0,0.0
2025-10-15T23:00,55.9,54.2,491.0,73.6,3.0,0.0
2025-10-16T00:00,61.9,60.3,465.0,73.6,2.0,0.0
2025-10-16T01:00,63.6,62.4,464.0,71.4,2.0,0.0
2025-10-16T02:00,61.5,61.0,475.0,67.6,3.0,0.0
2025-10-16T03:00,53.7,53.2,486.0,65.0,4.0,0.0
2025-10-16T04:00,46.4,46.0,483.0,64.8,4.0,0.0
2025-10-16T05:00,41.8,41.4,479.0,65.7,4.0,0.0
2025-10-16T06:00,42.3,41.9,504.0,70.1,7.0,0.0
2025-10-16T07:00,45.1,44.8,594.0,69.2,23.0,0.0
2025-10-16T08:00,50.3,50.1,712.0,67.4,46.0,0.0
2025-10-16T09:00,41.1,40.6,780.0,61.5,72.0,0.0
2025-10-16T10:00,34.1,33.5,752.0,47.6,105.0,0.0
2025-10-16T11:00,26.8,26.2,673.0,29.7,141.0,0.0
2025-10-16T12:00,23.5,22.9,598.0,16.3,169.0,0.0
2025-10-16T13:00,22.9,22.4,528.0,9.6,184.0,0.0
2025-10-16T14:00,24.3,23.8,462.0,7.5,191.0,0.0
2025-10-16T15:00,24.0,23.6,452.0,11.8,187.0,0.0
2025-10-16T16:00,26.0,25.5,483.0,24.2,168.0,0.0
2025-10-16T17:00,25.8,25.4,571.0,43.0,139.0,0.0
2025-10-16T18:00,39.0,38.4,816.0,63.4,95.0,0.0
2025-10-16T19:00,45.2,44.8,1361.0,80.8,72.0,0.0
2025-10-16T20:00,55.1,54.6,2063.0,104.8,40.0,0.0
2025-10-16T21:00,66.8,66.4,2593.0,122.1,15.0,0.0
2025-10-16T22:00,75.2,75.0,2846.0,127.0,5.0,0.0
2025-10-16T23:00,72.9,72.4,2927.0,125.3,3.0,0.0
2025-10-17T00:00,71.2,71.0,2826.0,121.5,2.0,0.0
2025-10-17T01:00,67.1,66.8,2436.0,116.2,0.0,0.0
2025-10-17T02:00,60.8,60.5,1863.0,108.8,0.0,0.0
2025-10-17T03:00,53.8,53.7,1416.0,101.5,0.0,0.0
2025-10-17T04:00,46.8,46.7,1207.0,95.1,1.0,0.0
2025-10-17T05:00,41.0,40.9,1124.0,88.8,3.0,0.0
2025-10-17T06:00,42.0,41.9,1136.0,82.4,1.0,0.0
2025-10-17T07:00,51.0,50.9,1324.0,74.4,27.0,0.0
2025-10-17T08:00,58.8,58.6,1608.0,62.9,64.0,0.0
2025-10-17T09:00,40.9,40.4,1709.0,50.6,98.0,0.0
2025-10-17T10:00,30.4,29.8,1445.0,36.8,125.0,0.0
2025-10-17T11:00,26.5,25.8,1000.0,22.3,148.0,0.0
2025-10-17T12:00,24.8,24.2,647.0,11.9,166.0,0.0
2025-10-17T13:00,24.4,23.8,485.0,6.9,180.0,0.0
2025-10-17T14:00,24.7,24.2,415.0,6.1,188.0,0.0
2025-10-17T15:00,25.7,25.2,422.0,10.7,186.0,0.0
2025-10-17T16:00,29.0,28.6,514.0,22.7,168.0,0.0
2025-10-17T17:00,32.0,31.5,682.0,40.1,140.0,0.0
2025-10-17T18:00,31.4,31.2,880.0,52.4,107.0,0.0
2025-10-17T19:00,41.1,40.9,1095.0,70.7,81.0,0.0
2025-10-17T20:00,46.7,46.4,1341.0,95.8,46.0,0.0
2025-10-17T21:00,56.8,56.6,1613.0,114.2,19.0,0.0
2025-10-17T22:00,65.0,64.7,1987.0,119.5,9.0,0.0
2025-10-17T23:00,65.9,65.7,2388.0,118.1,8.0,0.0
2025-10-18T00:00,64.7,64.5,2588.0,115.1,8.0,0.0
2025-10-18T01:00,62.4,62.4,2419.0,111.5,6.0,0.0
2025-10-18T02:00,60.5,60.5,2048.0,106.3,6.0,0.0
2025-10-18T03:00,57.5,57.4,1754.0,101.5,5.0,0.0
2025-10-18T04:00,54.5,54.4,1663.0,98.4,0.0,0.0
2025-10-18T05:00,52.0,51.9,1649.0,95.6,0.0,0.0
2025-10-18T06:00,44.4,44.2,1602.0,71.0,15.0,0.0
2025-10-18T07:00,51.1,51.0,1479.0,68.9,36.0,0.0
2025-10-18T08:00,56.8,56.7,1325.0,65.4,67.0,0.0
2025-10-18T09:00,45.4,45.3,1165.0,58.1,98.0,0.0
2025-10-18T10:00,37.0,36.7,996.0,43.4,130.0,0.0
2025-10-18T11:00,32.9,32.6,821.0,25.0,163.0,0.0
2025-10-18T12:00,28.7,28.4,678.0,11.7,186.0,0.0
2025-10-18T13:00,26.8,26.5,568.0,6.0,197.0,0.0
2025-10-18T14:00,28.3,28.1,489.0,5.3,199.0,0.0
2025-10-18T15:00,28.5,28.2,476.0,11.1,189.0,0.0
2025-10-18T16:00,27.4,27.1,571.0,26.1,161.0,0.0
2025-10-18T17:00,31.7,31.3,731.0,47.5,121.0,0.0
2025-10-18T18:00,45.8,45.5,862.0,77.0,72.0,0.0
2025-10-18T19:00,63.6,63.3,892.0,92.1,53.0,0.0
2025-10-18T20:00,66.4,66.1,894.0,112.8,28.0,0.0
2025-10-18T21:00,78.7,78.5,992.0,126.5,9.0,0.0
2025-10-18T22:00,88.0,87.8,1307.0,127.2,4.0,0.0
2025-10-18T23:00,88.2,88.0,1718.0,121.0,6.0,0.0
2025-10-19T00:00,81.0,80.8,1986.0,114.1,9.0,0.0
2025-10-19T01:00,74.3,74.0,1989.0,108.0,12.0,0.0
2025-10-19T02:00,69.8,69.6,1849.0,101.1,16.0,0.0
2025-10-19T03:00,67.8,67.5,1687.0,94.9,18.0,0.0
2025-10-19T04:00,66.6,66.6,1509.0,90.5,14.0,0.0
2025-10-19T05:00,67.3,67.3,1310.0,86.8,7.0,0.0
2025-10-19T06:00,67.3,67.1,1198.0,82.5,15.0,0.0
2025-10-19T07:00,65.2,65.0,1289.0,76.3,29.0,0.0
2025-10-19T08:00,62.9,62.6,1466.0,67.2,50.0,0.0
2025-10-19T09:00,46.7,46.4,1493.0,56.8,73.0,0.0
2025-10-19T10:00,36.7,36.4,1208.0,44.1,100.0,0.0
2025-10-19T11:00,24.0,23.9,772.0,30.0,129.0,0.0
2025-10-19T12:00,18.2,18.0,431.0,18.9,149.0,0.0
2025-10-19T13:00,15.4,15.2,285.0,12.1,155.0,0.0
2025-10-19T14:00,13.0,12.8,234.0,8.3,153.0,0.0
2025-10-19T15:00,10.4,10.3,227.0,7.7,144.0,0.0
2025-10-19T16:00,8.2,8.1,270.0,10.9,127.0,0.0
2025-10-19T17:00,7.7,7.6,356.0,17.3,103.0,0.0
2025-10-19T18:00,12.6,12.3,414.0,24.9,80.0,0.0
2025-10-19T19:00,17.3,16.9,406.0,33.3,68.0,0.0
2025-10-19T20:00,21.4,21.0,369.0,45.0,51.0,0.0
2025-10-19T21:00,25.7,25.3,342.0,55.2,37.0,0.0
2025-10-19T22:00,31.8,31.3,339.0,63.6,26.0,0.0
2025-10-19T23:00,37.1,36.7,345.0,70.5,18.0,0.0
2025-10-20T00:00,40.3,39.8,354.0,71.3,17.0,0.0
2025-10-20T01:00,41.9,41.3,363.0,61.6,27.0,0.0
2025-10-20T02:00,42.6,42.0,375.0,45.9,43.0,0.0
2025-10-20T03:00,30.5,29.7,387.0,33.2,56.0,0.0
2025-10-20T04:00,26.7,26.0,399.0,27.2,60.0,0.0
2025-10-20T05:00,25.4,24.8,411.0,24.2,60.0,0.0
2025-10-20T06:00,23.3,22.6,424.0,18.2,66.0,0.0
2025-10-20T07:00,21.3,20.7,445.0,19.1,67.0,0.0
2025-10-20T08:00,19.9,19.3,466.0,20.1,69.0,0.0
2025-10-20T09:00,18.9,18.2,466.0,19.8,75.0,0.0
2025-10-20T10:00,16.3,15.7,427.0,16.8,90.0,0.0
2025-10-20T11:00,14.8,14.2,367.0,12.4,108.0,0.0
2025-10-20T12:00,13.6,13.0,316.0,8.9,122.0,0.0
2025-10-20T13:00,12.7,12.2,281.0,6.3,128.0,0.0
2025-10-20T14:00,11.2,10.7,255.0,4.6,129.0,0.0
2025-10-20T15:00,9.9,9.5,253.0,6.6,123.0,0.0
2025-10-20T16:00,8.7,8.3,293.0,14.6,106.0,0.0
2025-10-20T17:00,8.0,7.6,357.0,26.2,82.0,0.0
2025-10-20T18:00,21.1,19.9,404.0,36.7,60.0,0.0
2025-10-20T19:00,27.2,26.4,406.0,47.3,45.0,0.0
2025-10-20T20:00,31.4,30.6,391.0,61.9,25.0,0.0
2025-10-20T21:00,36.3,35.5,401.0,72.7,10.0,0.0
2025-10-20T22:00,41.8,40.9,463.0,76.3,4.0,0.0
2025-10-20T23:00,45.9,44.9,550.0,76.2,2.0,0.0
2025-10-21T00:00,48.9,48.0,628.0,75.1,2.0,0.0
2025-10-21T01:00,50.5,49.6,692.0,74.0,1.0,0.0
2025-10-21T02:00,51.3,50.3,746.0,72.0,1.0,0.0
2025-10-21T03:00,54.6,53.7,772.0,68.9,3.0,0.0
2025-10-21T04:00,52.3,51.6,744.0,64.5,5.0,0.0
2025-10-21T05:00,45.6,44.8,688.0,59.0,9.0,0.0
2025-10-21T06:00,43.9,43.3,658.0,54.5,10.0,0.0
2025-10-21T07:00,44.4,43.7,695.0,51.8,20.0,0.0
2025-10-21T08:00,43.8,43.0,758.0,47.7,35.0,0.0
2025-10-21T09:00,37.6,36.7,780.0,42.1,54.0,0.0
2025-10-21T10:00,28.5,27.7,726.0,33.8,80.0,0.0
2025-10-21T11:00,22.9,22.2,631.0,23.9,109.0,0.0
2025-10-21T12:00,18.7,18.2,532.0,16.1,129.0,0.0
2025-10-21T13:00,16.0,15.5,425.0,11.2,134.0,0.0
2025-10-21T14:00,13.4,13.0,314.0,8.3,130.0,0.0
2025-10-21T15:00,10.4,10.1,251.0,8.7,120.0,0.0
2025-10-21T16:00,7.9,7.6,280.0,13.8,103.0,0.0
2025-10-21T17:00,6.9,6.7,358.0,22.3,81.0,0.0
2025-10-21T18:00,12.0,11.6,405.0,34.2,55.0,0.0
2025-10-21T19:00,18.3,17.9,381.0,40.0,44.0,0.0
2025-10-21T20:00,21.8,21.5,326.0,48.0,29.0,0.0
2025-10-21T21:00,24.4,24.0,288.0,53.7,18.0,0.0
2025-10-21T22:00,27.5,27.1,290.0,55.2,14.0,0.0
2025-10-21T23:00,31.0,30.6,309.0,54.4,13.0,0.0
2025-10-22T00:00,32.4,31.9,314.0,52.6,14.0,0.0
2025-10-22T01:00,31.8,31.3,288.0,50.5,16.0,0.0
2025-10-22T02:00,30.6,30.3,249.0,47.4,20.0,0.0
2025-10-22T03:00,25.2,24.7,223.0,42.9,25.0,0.0
2025-10-22T04:00,16.6,16.2,217.0,35.4,32.0,0.0
2025-10-22T05:00,14.3,13.9,224.0,26.4,40.0,0.0
2025-10-22T06:00,12.9,12.5,255.0,19.4,49.0,0.0
2025-10-22T07:00,15.0,14.6,338.0,19.4,50.0,0.0
2025-10-22T08:00,14.1,13.9,445.0,19.3,51.0,0.0
2025-10-22T09:00,10.2,10.0,500.0,18.2,55.0,0.0
2025-10-22T10:00,8.2,8.0,453.0,15.3,63.0,0.0
2025-10-22T11:00,6.1,5.9,355.0,11.4,74.0,0.0
2025-10-22T12:00,5.3,5.2,276.0,8.4,83.0,0.0
2025-10-22T13:00,4.9,4.8,240.0,6.2,89.0,0.0
2025-10-22T14:00,4.2,4.1,223.0,4.8,93.0,0.0
2025-10-22T15:00,3.7,3.7,230.0,6.6,91.0,0.0
2025-10-22T16:00,3.6,3.6,278.0,13.4,80.0,0.0
2025-10-22T17:00,4.0,4.0,350.0,23.4,63.0,0.0
2025-10-22T18:00,12.4,11.6,394.0,32.8,47.0,0.0
2025-10-22T19:00,18.1,17.7,381.0,38.0,37.0,0.0
2025-10-22T20:00,20.0,19.6,340.0,45.3,23.0,0.0
2025-10-22T21:00,22.3,21.9,314.0,50.6,13.0,0.0
2025-10-22T22:00,25.5,25.1,328.0,53.2,8.0,0.0
2025-10-22T23:00,28.3,27.9,356.0,54.0,6.0,0.0
2025-10-23T00:00,30.9,30.4,366.0,51.6,8.0,0.0
2025-10-23T01:00,33.3,32.8,334.0,43.7,17.0,0.0
2025-10-23T02:00,23.5,23.1,285.0,32.8,30.0,0.0
2025-10-23T03:00,12.9,12.5,257.0,24.7,40.0,0.0
2025-10-23T04:00,10.4,10.1,262.0,22.5,41.0,0.0
2025-10-23T05:00,10.2,9.9,288.0,23.1,39.0,0.0
2025-10-23T06:00,10.7,10.4,340.0,20.1,44.0,0.0
2025-10-23T07:00,15.4,15.1,444.0,19.8,46.0,0.0
2025-10-23T08:00,15.1,14.9,574.0,19.3,50.0,0.0
2025-10-23T09:00,9.6,9.4,649.0,18.0,57.0,0.0
2025-10-23T10:00,8.1,7.9,623.0,15.1,71.0,0.0
2025-10-23T11:00,7.1,6.9,542.0,11.3,89.0,0.0
2025-10-23T12:00,6.4,6.2,466.0,8.4,104.0,0.0
2025-10-23T13:00,5.8,5.6,403.0,5.9,114.0,0.0
2025-10-23T14:00,5.3,5.2,345.0,4.2,121.0,0.0
2025-10-23T15:00,4.9,4.7,322.0,6.4,119.0,0.0
2025-10-23T16:00,4.6,4.4,365.0,14.9,105.0,0.0
2025-10-23T17:00,4.6,4.4,442.0,27.2,83.0,0.0
2025-10-23T18:00,11.0,11.0,494.0,43.4,66.0,0.0
2025-10-23T19:00,17.5,17.4,488.0,50.3,51.0,0.0
2025-10-23T20:00,19.9,19.8,457.0,59.7,29.0,0.0
2025-10-23T21:00,24.0,23.7,434.0,66.4,13.0,0.0
2025-10-23T22:00,30.6,30.3,443.0,67.9,7.0,0.0
2025-10-23T23:00,38.9,38.5,460.0,66.8,6.0,0.0
2025-10-24T00:00,45.4,44.9,452.0,65.1,6.0,0.0
2025-10-24T01:00,47.6,47.0,390.0,63.1,6.0,0.0
2025-10-24T02:00,46.9,46.4,302.0,60.5,6.0,0.0
2025-10-24T03:00,47.4,47.0,243.0,58.9,6.0,0.0
2025-10-24T04:00,47.7,47.3,227.0,59.3,3.0,0.0
2025-10-24T05:00,44.0,43.7,240.0,60.8,0.0,0.0
2025-10-24T06:00,47.1,46.7,285.0,56.0,2.0,0.0
2025-10-24T07:00,54.9,54.6,392.0,57.2,14.0,0.0
2025-10-24T08:00,40.9,40.4,532.0,58.2,31.0,0.0
2025-10-24T09:00,31.7,31.5,626.0,54.9,53.0,0.0
2025-10-24T10:00,20.2,20.1,633.0,43.1,83.0,0.0
2025-10-24T11:00,15.2,15.1,593.0,26.9,118.0,0.0
2025-10-24T12:00,13.4,13.3,553.0,14.6,145.0,0.0
2025-10-24T13:00,13.2,13.1,517.0,9.0,160.0,0.0
2025-10-24T14:00,13.0,12.9,480.0,7.3,166.0,0.0
2025-10-24T15:00,12.7,12.6,471.0,9.7,164.0,0.0
2025-10-24T16:00,12.3,12.3,518.0,16.9,152.0,0.0
2025-10-24T17:00,12.2,12.1,593.0,28.3,132.0,0.0
2025-10-24T18:00,17.1,17.1,639.0,46.1,92.0,0.0
2025-10-24T19:00,24.7,24.6,599.0,57.1,70.0,0.0
2025-10-24T20:00,30.0,29.9,530.0,72.3,39.0,0.0
2025-10-24T21:00,35.5,35.4,550.0,83.9,16.0,0.0
2025-10-24T22:00,44.1,44.1,758.0,87.9,7.0,0.0
2025-10-24T23:00,52.7,52.6,1055.0,88.2,6.0,0.0
2025-10-25T00:00,52.7,52.6,1260.0,89.0,5.0,0.0
2025-10-25T01:00,49.7,49.5,1286.0,92.4,3.0,0.0
2025-10-25T02:00,45.4,45.3,1220.0,96.3,2.0,0.0
2025-10-25T03:00,40.6,40.6,1148.0,98.6,2.0,0.0
2025-10-25T04:00,36.1,36.1,1081.0,98.7,1.0,0.0
2025-10-25T05:00,33.1,33.1,1008.0,97.1,0.0,0.0
2025-10-25T06:00,34.5,34.5,979.0,94.6,3.0,0.0
2025-10-25T07:00,40.6,40.6,1058.0,85.3,29.0,0.0
2025-10-25T08:00,46.2,46.2,1181.0,71.9,65.0,0.0
2025-10-25T09:00,33.8,33.8,1204.0,57.2,98.0,0.0
2025-10-25T10:00,20.3,20.3,1027.0,40.2,123.0,0.0
2025-10-25T11:00,16.2,16.2,749.0,22.0,144.0,0.0
2025-10-25T12:00,14.7,14.7,527.0,9.0,160.0,0.0
2025-10-25T13:00,15.3,15.2,419.0,3.9,171.0,0.0
2025-10-25T14:00,15.8,15.7,367.0,3.9,177.0,0.0
2025-10-25T15:00,16.2,16.1,353.0,7.5,175.0,0.0
2025-10-25T16:00,16.2,16.1,391.0,14.3,165.0,0.0
2025-10-25T17:00,16.5,16.4,468.0,24.6,148.0,0.0
2025-10-25T18:00,24.3,24.3,519.0,43.3,115.0,0.0
2025-10-25T19:00,29.8,29.7,500.0,57.5,91.0,0.0
2025-10-25T20:00,32.5,32.5,457.0,77.2,58.0,0.0
2025-10-25T21:00,35.9,35.9,461.0,91.5,32.0,0.0
2025-10-25T22:00,41.4,41.4,567.0,95.5,22.0,0.0
2025-10-25T23:00,48.9,48.9,721.0,94.3,19.0,0.0
2025-10-26T00:00,50.4,50.4,833.0,92.4,17.0,0.0
2025-10-26T01:00,49.2,49.2,862.0,91.2,14.0,0.0
2025-10-26T02:00,48.2,48.2,850.0,89.4,12.0,0.0
2025-10-26T03:00,46.1,46.1,834.0,87.5,10.0,0.0
2025-10-26T04:00,43.9,43.9,806.0,86.2,5.0,0.0
2025-10-26T05:00,42.5,42.5,774.0,84.8,0.0,0.0
2025-10-26T06:00,45.2,45.2,800.0,86.3,5.0,0.0
2025-10-26T07:00,53.2,53.2,966.0,78.0,24.0,0.0
2025-10-26T08:00,65.9,65.9,1191.0,66.1,51.0,0.0
2025-10-26T09:00,31.7,31.7,1284.0,53.1,80.0,0.0
2025-10-26T10:00,20.7,20.7,1124.0,38.3,111.0,0.0
2025-10-26T11:00,18.5,18.5,832.0,22.4,144.0,0.0
2025-10-26T12:00,18.3,18.2,593.0,10.9,168.0,0.0
2025-10-26T13:00,18.6,18.5,473.0,6.2,182.0,0.0
2025-10-26T14:00,19.0,18.9,404.0,5.8,187.0,0.0
2025-10-26T15:00,18.9,18.8,366.0,7.8,184.0,0.0
2025-10-26T16:00,18.4,18.3,365.0,11.5,170.0,0.0
2025-10-26T17:00,17.2,17.1,396.0,17.4,147.0,0.0
2025-10-26T18:00,13.9,13.9,419.0,25.3,114.0,0.0
2025-10-26T19:00,15.8,15.8,399.0,36.9,89.0,0.0
2025-10-26T20:00,17.8,17.8,372.0,52.9,55.0,0.0
2025-10-26T21:00,21.2,21.2,405.0,65.6,28.0,0.0
2025-10-26T22:00,26.6,26.5,563.0,71.5,17.0,0.0
2025-10-26T23:00,30.0,30.0,781.0,74.0,13.0,0.0
2025-10-27T00:00,35.4,35.4,937.0,75.2,11.0,0.0
2025-10-27T01:00,41.0,40.9,974.0,75.4,8.0,0.0
2025-10-27T02:00,42.3,42.3,949.0,74.3,7.0,0.0
2025-10-27T03:00,39.9,39.9,905.0,73.5,6.0,0.0
2025-10-27T04:00,38.2,38.1,830.0,74.8,2.0,0.0
2025-10-27T05:00,37.0,36.9,735.0,76.4,0.0,0.0
2025-10-27T06:00,37.8,37.8,704.0,72.2,2.0,0.0
2025-10-27T07:00,44.9,44.9,819.0,62.7,21.0,0.0
2025-10-27T08:00,37.0,36.9,996.0,49.2,48.0,0.0
2025-10-27T09:00,23.7,23.5,1068.0,36.7,74.0,0.0
2025-10-27T10:00,23.1,22.8,929.0,26.4,97.0,0.0
2025-10-27T11:00,21.9,21.4,685.0,17.2,119.0,0.0
2025-10-27T12:00,20.4,20.0,486.0,10.5,136.0,0.0
2025-10-27T13:00,19.3,18.9,389.0,6.6,146.0,0.0
2025-10-27T14:00,18.6,18.1,337.0,5.2,149.0,0.0
2025-10-27T15:00,18.2,17.8,315.0,7.1,147.0,0.0
2025-10-27T16:00,18.1,17.6,332.0,12.9,137.0,0.0
2025-10-27T17:00,18.1,17.6,380.0,22.0,122.0,0.0
2025-10-27T18:00,12.1,11.9,413.0,24.7,96.0,0.0
2025-10-27T19:00,16.1,16.0,391.0,37.2,75.0,0.0
2025-10-27T20:00,18.7,18.6,356.0,54.7,47.0,0.0
2025-10-27T21:00,23.5,23.3,387.0,68.6,24.0,0.0
2025-10-27T22:00,30.0,29.8,557.0,75.9,14.0,0.0
2025-10-27T23:00,36.3,36.1,793.0,79.7,10.0,0.0
2025-10-28T00:00,42.8,42.7,956.0,81.3,8.0,0.0
2025-10-28T01:00,47.4,47.3,975.0,80.5,6.0,0.0
2025-10-28T02:00,46.8,46.6,921.0,77.4,6.0,0.0
2025-10-28T03:00,39.0,38.9,872.0,74.1,6.0,0.0
2025-10-28T04:00,37.3,37.1,842.0,71.2,3.0,0.0
2025-10-28T05:00,36.3,36.3,817.0,68.1,0.0,0.0
2025-10-28T06:00,39.0,38.9,831.0,64.4,4.0,0.0
2025-10-28T07:00,43.7,43.5,944.0,60.3,20.0,0.0
2025-10-28T08:00,48.5,48.5,1097.0,54.2,43.0,0.0
2025-10-28T09:00,25.8,25.6,1144.0,45.9,67.0,0.0
2025-10-28T10:00,17.1,16.8,987.0,33.5,91.0,0.0
2025-10-28T11:00,13.9,13.6,725.0,19.0,115.0,0.0
2025-10-28T12:00,12.4,12.1,506.0,8.5,133.0,0.0
2025-10-28T13:00,12.1,11.9,377.0,4.4,143.0,0.0
2025-10-28T14:00,12.6,12.3,291.0,4.2,147.0,0.0
2025-10-28T15:00,13.2,13.0,254.0,6.5,145.0,0.0
2025-10-28T16:00,13.5,13.3,295.0,11.5,136.0,0.0
2025-10-28T17:00,13.6,13.3,385.0,19.0,122.0,0.0
2025-10-28T18:00,12.2,12.2,441.0,24.9,104.0,0.0
2025-10-28T19:00,14.6,14.6,414.0,29.5,90.0,0.0
2025-10-28T20:00,14.6,14.6,353.0,36.3,69.0,0.0
2025-10-28T21:00,15.4,15.4,329.0,43.7,51.0,0.0
2025-10-28T22:00,18.7,18.7,379.0,52.8,37.0,0.0
2025-10-28T23:00,23.9,23.9,467.0,62.5,25.0,0.0
2025-10-29T00:00,28.3,28.3,549.0,68.6,17.0,0.0
2025-10-29T01:00,29.8,29.7,619.0,68.7,15.0,0.0
2025-10-29T02:00,31.4,31.3,685.0,65.0,18.0,0.0
2025-10-29T03:00,30.5,30.4,724.0,60.1,23.0,0.0
2025-10-29T04:00,29.6,29.5,719.0,54.2,28.0,0.0
2025-10-29T05:00,26.8,26.6,687.0,47.0,35.0,0.0
2025-10-29T06:00,24.5,24.3,661.0,40.5,44.0,0.0
2025-10-29T07:00,28.2,27.9,666.0,34.6,56.0,0.0
2025-10-29T08:00,26.5,26.3,677.0,26.3,73.0,1.0
2025-10-29T09:00,17.8,17.2,646.0,19.0,87.0,1.0
2025-10-29T10:00,13.7,13.0,531.0,13.8,97.0,1.0
2025-10-29T11:00,10.5,9.7,374.0,9.6,104.0,1.0
2025-10-29T12:00,8.3,7.7,257.0,6.8,108.0,1.0
2025-10-29T13:00,6.4,6.0,214.0,5.3,108.0,1.0
2025-10-29T14:00,5.7,5.4,211.0,5.1,105.0,0.0
2025-10-29T15:00,5.3,5.1,232.0,6.4,100.0,0.0
2025-10-29T16:00,5.5,5.3,285.0,9.6,92.0,0.0
2025-10-29T17:00,6.0,5.9,361.0,14.2,82.0,0.0
2025-10-29T18:00,14.1,13.3,415.0,21.1,77.0,1.0
2025-10-29T19:00,17.3,16.7,424.0,28.0,63.0,1.0
2025-10-29T20:00,19.4,18.9,410.0,37.8,44.0,1.0
2025-10-29T21:00,21.1,20.6,402.0,46.4,28.0,1.0
2025-10-29T22:00,23.8,23.3,412.0,52.9,18.0,1.0
2025-10-29T23:00,26.7,26.3,428.0,58.2,10.0,1.0
2025-10-30T00:00,29.3,28.9,433.0,61.6,5.0,1.0
2025-10-30T01:00,32.5,32.0,417.0,62.3,2.0,1.0
2025-10-30T02:00,35.5,35.2,391.0,61.1,1.0,1.0
2025-10-30T03:00,37.8,37.5,374.0,59.4,1.0,1.0
2025-10-30T04:00,38.8,38.4,361.0,57.4,1.0,1.0
2025-10-30T05:00,35.2,34.8,358.0,54.9,3.0,1.0
2025-10-30T06:00,36.9,36.6,401.0,51.5,7.0,1.0
2025-10-30T07:00,40.7,40.4,550.0,51.4,16.0,1.0
2025-10-30T08:00,48.4,48.1,745.0,50.8,29.0,1.0
2025-10-30T09:00,37.5,37.0,848.0,46.7,48.0,1.0
2025-10-30T10:00,25.8,25.4,770.0,35.6,79.0,1.0
2025-10-30T11:00,20.6,20.3,598.0,20.9,116.0,1.0
2025-10-30T12:00,17.6,17.2,458.0,10.1,144.0,1.0
2025-10-30T13:00,16.8,16.5,391.0,6.1,157.0,1.0
2025-10-30T14:00,16.7,16.4,355.0,6.0,162.0,0.0
2025-10-30T15:00,16.9,16.7,351.0,8.5,159.0,0.0
2025-10-30T16:00,17.2,16.9,398.0,13.2,150.0,0.0
2025-10-30T17:00,17.6,17.4,477.0,20.6,133.0,0.0
2025-10-30T18:00,19.4,19.3,534.0,32.6,110.0,0.0
2025-10-30T19:00,22.7,22.6,530.0,44.8,85.0,0.0
2025-10-30T20:00,22.8,22.8,504.0,61.7,49.0,0.0
2025-10-30T21:00,26.6,26.6,524.0,74.6,22.0,0.0
2025-10-30T22:00,33.1,33.1,643.0,79.9,11.0,0.0
2025-10-30T23:00,39.9,39.9,807.0,81.3,7.0,0.0
2025-10-31T00:00,45.8,45.8,919.0,81.0,6.0,0.0
2025-10-31T01:00,46.8,46.8,928.0,79.3,5.0,0.0
2025-10-31T02:00,47.7,47.7,886.0,76.0,6.0,0.0
2025-10-31T03:00,46.6,46.6,850.0,72.6,6.0,0.0
2025-10-31T04:00,43.8,43.8,832.0,69.7,3.0,0.0
2025-10-31T05:00,41.6,41.6,821.0,66.6,0.0,0.0
2025-10-31T06:00,41.4,41.4,835.0,64.4,2.0,0.0
2025-10-31T07:00,50.6,50.6,922.0,62.0,18.0,0.0
2025-10-31T08:00,60.8,60.8,1035.0,58.2,41.0,0.0
2025-10-31T09:00,25.0,25.0,1055.0,51.0,64.0,0.0
2025-10-31T10:00,11.2,11.2,895.0,37.1,88.0,0.0
2025-10-31T11:00,9.2,9.1,643.0,19.9,112.0,0.0
2025-10-31T12:00,8.8,8.6,443.0,7.5,131.0,0.0
2025-10-31T13:00,9.1,9.0,344.0,3.2,142.0,0.0
2025-10-31T14:00,9.9,9.8,296.0,3.6,148.0,0.0
2025-10-31T15:00,10.8,10.7,296.0,6.8,148.0,0.0
2025-10-31T16:00,11.6,11.5,364.0,11.9,141.0,0.0
2025-10-31T17:00,12.3,12.2,479.0,19.7,129.0,0.0
2025-10-31T18:00,16.2,15.9,573.0,26.8,111.0,1.0
2025-10-31T19:00,20.0,19.8,601.0,42.4,86.0,1.0
2025-10-31T20:00,22.2,22.0,606.0,63.9,52.0,0.0
2025-10-31T21:00,28.6,28.4,654.0,79.7,26.0,0.0
2025-10-31T22:00,34.3,34.2,800.0,84.0,16.0,0.0
2025-10-31T23:00,46.3,46.1,987.0,82.6,14.0,0.0
2025-11-01T00:00,51.9,51.8,1112.0,81.4,13.0,0.0
2025-11-01T01:00,48.4,48.2,1122.0,82.8,10.0,0.0
2025-11-01T02:00,43.2,43.1,1069.0,84.4,9.0,0.0
2025-11-01T03:00,40.0,39.9,1009.0,85.2,8.0,0.0
2025-11-01T04:00,36.9,36.8,940.0,85.5,5.0,0.0
2025-11-01T05:00,36.9,36.8,863.0,85.0,3.0,0.0
2025-11-01T06:00,34.5,34.3,838.0,81.8,9.0,0.0
2025-11-01T07:00,41.6,41.4,938.0,74.2,34.0,0.0
2025-11-01T08:00,51.3,51.2,1090.0,63.2,69.0,0.0
2025-11-01T09:00,30.6,30.5,1130.0,50.9,100.0,0.0
2025-11-01T10:00,21.1,20.8,943.0,35.9,124.0,0.0
2025-11-01T11:00,16.6,16.3,644.0,19.5,145.0,1.0
2025-11-01T12:00,15.4,15.1,415.0,7.9,158.0,1.0
2025-11-01T13:00,14.4,14.1,325.0,4.1,160.0,1.0
2025-11-01T14:00,14.2,13.9,305.0,5.0,155.0,0.0
2025-11-01T15:00,14.4,14.1,323.0,7.7,147.0,0.0
2025-11-01T16:00,14.4,14.1,399.0,11.0,140.0,0.0
2025-11-01T17:00,15.0,14.8,513.0,16.1,130.0,0.0
2025-11-01T18:00,20.8,20.3,581.0,22.0,115.0,1.0
2025-11-01T19:00,25.2,24.9,534.0,32.2,97.0,1.0
2025-11-01T20:00,25.8,25.5,441.0,46.6,71.0,1.0
2025-11-01T21:00,29.0,28.6,417.0,59.2,50.0,1.0
2025-11-01T22:00,35.2,34.8,546.0,68.6,37.0,1.0
2025-11-01T23:00,41.8,41.3,745.0,76.3,28.0,1.0
2025-11-02T00:00,45.6,45.2,883.0,80.4,23.0,1.0
2025-11-02T01:00,47.3,46.8,884.0,79.1,22.0,1.0
2025-11-02T02:00,48.0,47.5,824.0,74.3,24.0,1.0
2025-11-02T03:00,47.0,46.6,796.0,70.0,26.0,1.0
2025-11-02T04:00,45.3,44.8,845.0,68.5,25.0,1.0
2025-11-02T05:00,43.5,43.1,926.0,67.6,23.0,1.0
2025-11-02T06:00,46.3,45.9,1000.0,61.8,24.0,1.0
2025-11-02T07:00,51.5,51.0,1088.0,54.5,39.0,1.0
2025-11-02T08:00,47.7,47.3,1170.0,44.0,59.0,1.0
2025-11-02T09:00,25.7,25.2,1143.0,33.8,79.0,1.0
2025-11-02T10:00,15.5,15.1,908.0,24.0,98.0,1.0
2025-11-02T11:00,12.7,12.3,564.0,14.3,115.0,1.0
2025-11-02T12:00,12.4,12.0,308.0,7.6,127.0,1.0
2025-11-02T13:00,10.0,9.7,227.0,5.3,130.0,1.0
2025-11-02T14:00,8.9,8.8,234.0,6.0,127.0,0.0
2025-11-02T15:00,8.6,8.5,264.0,7.9,121.0,0.0
2025-11-02T16:00,8.2,8.1,310.0,10.9,113.0,0.0
2025-11-02T17:00,7.7,7.6,379.0,15.2,101.0,0.0
2025-11-02T18:00,19.7,18.8,424.0,20.8,90.0,2.0
2025-11-02T19:00,21.9,21.2,419.0,24.6,81.0,2.0
2025-11-02T20:00,23.1,22.4,390.0,30.0,68.0,1.0
2025-11-02T21:00,24.7,24.0,375.0,35.0,56.0,1.0
2025-11-02T22:00,27.0,26.4,396.0,39.9,47.0,1.0
2025-11-02T23:00,29.8,29.2,431.0,44.3,39.0,1.0
2025-11-03T00:00,30.5,29.8,446.0,45.3,36.0,1.0
2025-11-03T01:00,30.0,29.4,419.0,39.4,41.0,1.0
2025-11-03T02:00,23.5,22.9,372.0,29.9,49.0,1.0
2025-11-03T03:00,22.8,22.2,336.0,24.1,54.0,1.0
2025-11-03T04:00,22.5,22.1,318.0,26.1,48.0,1.0
2025-11-03T05:00,22.8,22.4,311.0,31.7,38.0,1.0
2025-11-03T06:00,23.3,23.0,332.0,31.7,35.0,1.0
2025-11-03T07:00,30.4,30.0,404.0,30.6,43.0,1.0
2025-11-03T08:00,27.4,27.1,502.0,28.9,55.0,1.0
2025-11-03T09:00,17.6,17.3,570.0,26.0,69.0,1.0
2025-11-03T10:00,14.3,14.0,585.0,20.7,86.0,1.0
2025-11-03T11:00,12.5,12.2,569.0,14.3,105.0,0.0
2025-11-03T12:00,10.5,10.3,530.0,9.3,120.0,0.0
2025-11-03T13:00,9.0,8.8,451.0,6.6,128.0,0.0
2025-11-03T14:00,7.8,7.6,350.0,5.5,132.0,0.0
2025-11-03T15:00,7.0,6.8,289.0,6.4,130.0,0.0
2025-11-03T16:00,6.5,6.4,308.0,9.7,122.0,0.0
2025-11-03T17:00,6.5,6.4,367.0,15.0,108.0,0.0
2025-11-03T18:00,9.4,9.2,407.0,22.1,92.0,0.0
2025-11-03T19:00,13.1,12.8,401.0,26.9,79.0,0.0
2025-11-03T20:00,15.0,14.7,376.0,33.9,61.0,0.0
2025-11-03T21:00,17.3,17.0,360.0,40.6,45.0,0.0
2025-11-03T22:00,21.4,21.1,368.0,47.4,34.0,0.0
2025-11-03T23:00,24.0,23.6,385.0,54.1,25.0,0.0
2025-11-04T00:00,25.7,25.4,392.0,57.7,20.0,0.0
2025-11-04T01:00,26.0,25.6,370.0,56.4,20.0,0.0
2025-11-04T02:00,26.7,26.3,338.0,52.1,24.0,0.0
2025-11-04T03:00,26.8,26.4,329.0,47.5,28.0,0.0
2025-11-04T04:00,25.0,24.7,361.0,43.4,32.0,0.0
2025-11-04T05:00,23.4,23.1,417.0,39.1,37.0,0.0
2025-11-04T06:00,27.4,27.1,479.0,46.3,30.0,0.0
2025-11-04T07:00,28.6,28.3,553.0,43.0,39.0,0.0
2025-11-04T08:00,28.7,28.3,634.0,38.3,53.0,0.0
2025-11-04T09:00,23.9,23.6,689.0,33.3,71.0,0.0
2025-11-04T10:00,19.2,18.9,707.0,27.8,95.0,0.0
2025-11-04T11:00,15.4,15.1,700.0,21.9,122.0,0.0
2025-11-04T12:00,13.4,13.2,670.0,17.3,145.0,0.0
2025-11-04T13:00,12.8,12.6,596.0,13.9,163.0,0.0
2025-11-04T14:00,12.5,12.4,500.0,11.8,176.0,0.0
2025-11-04T15:00,12.2,12.0,443.0,12.1,178.0,0.0
2025-11-04T16:00,11.5,11.4,471.0,15.6,165.0,0.0
2025-11-04T17:00,10.5,10.4,539.0,21.7,142.0,0.0
2025-11-04T18:00,10.9,10.6,574.0,29.4,112.0,0.0
2025-11-04T19:00,15.2,15.0,539.0,39.6,87.0,0.0
2025-11-04T20:00,16.6,16.4,471.0,53.6,51.0,0.0
2025-11-04T21:00,20.1,19.7,412.0,64.3,24.0,0.0
2025-11-04T22:00,22.9,22.5,380.0,68.5,13.0,0.0
2025-11-04T23:00,27.9,27.5,358.0,69.3,10.0,0.0
2025-11-05T00:00,33.1,32.5,334.0,69.1,8.0,0.0
2025-11-05T01:00,39.1,38.6,299.0,68.4,5.0,0.0
2025-11-05T02:00,47.6,47.3,262.0,66.7,3.0,0.0
2025-11-05T03:00,50.2,49.9,241.0,64.6,2.0,0.0
2025-11-05T04:00,45.3,44.9,236.0,62.0,2.0,0.0
2025-11-05T05:00,44.1,43.8,247.0,59.0,3.0,0.0
2025-11-05T06:00,54.5,54.1,297.0,60.9,0.0,0.0
2025-11-05T07:00,58.8,58.3,425.0,59.5,14.0,0.0
2025-11-05T08:00,59.8,59.1,592.0,57.0,33.0,0.0
2025-11-05T09:00,34.8,34.3,700.0,51.4,57.0,0.0
2025-11-05T10:00,26.0,25.6,698.0,39.7,88.0,0.0
2025-11-05T11:00,18.0,17.6,636.0,24.8,122.0,0.0
2025-11-05T12:00,14.1,13.7,570.0,13.5,147.0,0.0
2025-11-05T13:00,12.7,12.4,509.0,8.6,158.0,0.0
2025-11-05T14:00,12.0,11.7,443.0,7.4,160.0,0.0
2025-11-05T15:00,10.9,10.7,403.0,8.3,154.0,0.0
2025-11-05T16:00,9.5,9.3,410.0,11.1,139.0,0.0
2025-11-05T17:00,8.1,7.9,443.0,16.1,117.0,0.0
2025-11-05T18:00,11.3,10.9,463.0,21.6,96.0,0.0
2025-11-05T19:00,12.4,12.1,445.0,25.9,82.0,0.0
2025-11-05T20:00,12.8,12.5,414.0,32.2,63.0,0.0
2025-11-05T21:00,14.5,14.3,411.0,39.3,46.0,0.0
2025-11-05T22:00,18.7,18.5,461.0,48.3,33.0,0.0
2025-11-05T23:00,22.7,22.5,539.0,58.1,22.0,0.0
2025-11-06T00:00,27.1,26.9,603.0,64.7,13.0,0.0
2025-11-06T01:00,31.3,31.1,635.0,66.1,8.0,0.0
2025-11-06T02:00,34.9,34.7,654.0,64.4,5.0,0.0
2025-11-06T03:00,41.6,41.3,676.0,61.5,5.0,0.0
2025-11-06T04:00,40.9,40.7,701.0,57.8,7.0,0.0
2025-11-06T05:00,32.7,32.6,729.0,53.0,11.0,0.0
2025-11-06T06:00,45.5,45.4,778.0,56.0,1.0,0.0
2025-11-06T07:00,49.5,49.4,894.0,53.9,16.0,0.0
2025-11-06T08:00,42.4,42.3,1031.0,50.6,37.0,0.0
2025-11-06T09:00,24.3,24.2,1071.0,44.9,60.0,0.0
2025-11-06T10:00,15.4,15.2,927.0,34.7,84.0,0.0
2025-11-06T11:00,12.0,11.8,686.0,22.1,110.0,0.0
2025-11-06T12:00,9.4,9.3,496.0,12.7,132.0,0.0
2025-11-06T13:00,8.9,8.8,405.0,8.4,150.0,0.0
2025-11-06T14:00,9.4,9.3,364.0,7.4,163.0,0.0
2025-11-06T15:00,10.1,10.0,378.0,9.6,168.0,0.0
2025-11-06T16:00,10.6,10.5,486.0,15.2,162.0,0.0
2025-11-06T17:00,11.0,10.9,649.0,24.0,146.0,0.0
2025-11-06T18:00,16.1,15.9,749.0,35.8,118.0,0.0
2025-11-06T19:00,22.9,22.8,708.0,50.9,91.0,0.0
2025-11-06T20:00,26.3,26.2,603.0,71.6,54.0,0.0
2025-11-06T21:00,28.8,28.7,555.0,87.0,25.0,0.0
2025-11-06T22:00,33.8,33.6,629.0,91.7,13.0,0.0
2025-11-06T23:00,43.0,43.0,760.0,91.1,11.0,0.0
2025-11-07T00:00,51.3,51.2,862.0,89.6,9.0,0.0
2025-11-07T01:00,53.3,53.3,903.0,88.4,7.0,0.0
2025-11-07T02:00,49.2,49.2,917.0,86.5,7.0,0.0
2025-11-07T03:00,43.5,43.4,919.0,85.1,6.0,0.0
2025-11-07T04:00,38.8,38.8,891.0,85.5,2.0,0.0
2025-11-07T05:00,35.6,35.5,850.0,86.4,0.0,0.0
2025-11-07T06:00,38.0,38.0,870.0,82.4,4.0,0.0
2025-11-07T07:00,43.5,43.5,1042.0,79.9,26.0,0.0
2025-11-07T08:00,53.3,53.3,1274.0,75.6,57.0,0.0
2025-11-07T09:00,33.8,33.8,1360.0,67.0,87.0,0.0
2025-11-07T10:00,18.3,18.2,1160.0,49.6,116.0,0.0
2025-11-07T11:00,14.1,14.0,814.0,27.8,144.0,0.0
2025-11-07T12:00,13.1,13.0,541.0,11.9,166.0,0.0
2025-11-07T13:00,13.2,13.1,413.0,5.6,179.0,0.0
2025-11-07T14:00,13.8,13.6,358.0,5.3,185.0,0.0
2025-11-07T15:00,14.4,14.3,378.0,9.8,183.0,0.0
2025-11-07T16:00,15.0,14.8,517.0,19.7,171.0,0.0
2025-11-07T17:00,15.8,15.7,732.0,34.5,150.0,0.0
2025-11-07T18:00,22.1,22.0,894.0,51.5,117.0,0.0
2025-11-07T19:00,29.9,29.9,913.0,69.3,91.0,0.0
2025-11-07T20:00,34.5,34.5,879.0,93.8,55.0,0.0
2025-11-07T21:00,41.7,41.6,930.0,111.6,27.0,0.0
2025-11-07T22:00,49.2,49.2,1187.0,116.1,15.0,0.0
2025-11-07T23:00,53.1,53.1,1528.0,114.0,12.0,0.0
2025-11-08T00:00,53.7,53.6,1729.0,111.6,9.0,0.0
2025-11-08T01:00,51.1,51.1,1646.0,111.1,5.0,0.0
2025-11-08T02:00,47.6,47.6,1422.0,110.2,3.0,0.0
2025-11-08T03:00,42.8,42.8,1267.0,109.0,2.0,0.0
2025-11-08T04:00,38.6,38.6,1268.0,108.1,0.0,0.0
2025-11-08T05:00,35.5,35.5,1336.0,106.9,0.0,0.0
2025-11-08T06:00,41.1,41.0,1417.0,101.6,3.0,0.0
2025-11-08T07:00,49.1,49.1,1541.0,92.1,25.0,0.0
2025-11-08T08:00,64.5,64.5,1678.0,78.4,56.0,0.0
2025-11-08T09:00,36.2,36.2,1678.0,63.2,85.0,0.0
2025-11-08T10:00,17.3,17.3,1419.0,45.3,108.0,0.0
2025-11-08T11:00,11.1,11.1,1024.0,26.0,128.0,0.0
2025-11-08T12:00,10.5,10.4,715.0,12.2,144.0,0.0
2025-11-08T13:00,10.9,10.9,575.0,6.4,156.0,0.0
2025-11-08T14:00,11.5,11.5,520.0,6.0,163.0,0.0
2025-11-08T15:00,12.2,12.2,521.0,10.3,162.0,0.0
2025-11-08T16:00,12.7,12.7,607.0,20.8,148.0,0.0
2025-11-08T17:00,13.1,13.0,750.0,35.9,125.0,0.0
2025-11-08T18:00,19.1,19.0,828.0,52.0,98.0,0.0
2025-11-08T19:00,24.1,24.0,746.0,61.8,77.0,0.0
2025-11-08T20:00,27.0,27.0,601.0,75.3,49.0,0.0
2025-11-08T21:00,29.5,29.5,561.0,85.1,27.0,0.0
2025-11-08T22:00,34.6,34.6,754.0,87.9,18.0,0.0
2025-11-08T23:00,44.1,44.1,1054.0,87.1,15.0,0.0
2025-11-09T00:00,50.9,50.9,1247.0,85.1,14.0,0.0
2025-11-09T01:00,51.1,51.1,1223.0,82.3,13.0,0.0
2025-11-09T02:00,48.4,48.4,1092.0,78.4,13.0,0.0
2025-11-09T03:00,45.1,45.1,977.0,75.3,14.0,0.0
2025-11-09T04:00,41.2,41.2,893.0,74.0,13.0,0.0
2025-11-09T05:00,38.6,38.6,825.0,73.5,12.0,0.0
2025-11-09T06:00,43.1,43.1,846.0,87.4,9.0,0.0
2025-11-09T07:00,51.2,51.2,1068.0,86.7,27.0,0.0
2025-11-09T08:00,64.7,64.7,1378.0,84.9,52.0,0.0
2025-11-09T09:00,38.8,38.8,1517.0,77.2,78.0,0.0
2025-11-09T10:00,20.1,20.1,1320.0,58.2,105.0,0.0
2025-11-09T11:00,13.6,13.6,952.0,33.4,132.0,0.0
2025-11-09T12:00,12.8,12.8,641.0,14.7,150.0,0.0
2025-11-09T13:00,12.4,12.3,468.0,7.2,155.0,0.0
2025-11-09T14:00,11.4,11.3,352.0,5.7,152.0,0.0
2025-11-09T15:00,9.8,9.6,288.0,6.5,143.0,0.0
2025-11-09T16:00,8.1,7.9,297.0,9.5,125.0,0.0
2025-11-09T17:00,7.0,6.7,357.0,14.9,100.0,1.0
2025-11-09T18:00,7.2,7.1,393.0,20.6,83.0,0.0
2025-11-09T19:00,7.9,7.8,368.0,20.5,85.0,0.0
2025-11-09T20:00,7.8,7.7,319.0,20.2,87.0,0.0
2025-11-09T21:00,8.5,8.4,288.0,19.4,90.0,0.0
2025-11-09T22:00,9.7,9.6,299.0,17.5,94.0,0.0
2025-11-09T23:00,10.1,9.9,328.0,14.9,98.0,0.0
2025-11-10T00:00,10.9,10.7,341.0,13.0,100.0,0.0
2025-11-10T01:00,11.6,11.3,319.0,11.9,99.0,0.0
2025-11-10T02:00,12.5,12.1,282.0,11.3,97.0,0.0
2025-11-10T03:00,12.8,12.4,258.0,11.7,93.0,0.0
2025-11-10T04:00,14.2,13.8,246.0,13.6,88.0,0.0
2025-11-10T05:00,14.7,14.2,247.0,16.4,81.0,0.0
2025-11-10T06:00,11.2,11.0,287.0,17.0,78.0,0.0
2025-11-10T07:00,9.4,9.2,412.0,18.7,73.0,0.0
2025-11-10T08:00,6.7,6.7,576.0,20.9,67.0,0.0
2025-11-10T09:00,5.3,5.3,664.0,21.1,65.0,0.0
2025-11-10T10:00,4.2,4.2,605.0,17.3,70.0,0.0
2025-11-10T11:00,3.7,3.7,471.0,11.6,78.0,0.0
2025-11-10T12:00,2.8,2.8,363.0,7.4,84.0,0.0
2025-11-10T13:00,2.9,2.9,316.0,6.0,87.0,0.0
2025-11-10T14:00,3.1,3.1,294.0,6.0,88.0,0.0
2025-11-10T15:00,3.0,3.0,294.0,7.4,87.0,0.0
2025-11-10T16:00,3.0,3.0,327.0,10.8,82.0,0.0
2025-11-10T17:00,3.4,3.4,381.0,15.5,74.0,0.0
2025-11-10T18:00,8.4,7.9,413.0,19.5,67.0,0.0
2025-11-10T19:00,7.4,6.9,396.0,18.9,66.0,0.0
2025-11-10T20:00,7.0,6.4,357.0,18.1,64.0,0.0
2025-11-10T21:00,6.4,5.9,330.0,18.1,62.0,0.0
2025-11-10T22:00,6.1,5.8,335.0,19.5,59.0,0.0
2025-11-10T23:00,6.2,6.0,353.0,21.6,55.0,0.0
2025-11-11T00:00,7.1,7.0,355.0,23.3,51.0,0.0
2025-11-11T01:00,7.7,7.6,320.0,23.3,48.0,0.0
2025-11-11T02:00,7.9,7.7,270.0,22.8,46.0,0.0
2025-11-11T03:00,7.9,7.7,244.0,24.5,42.0,0.0
2025-11-11T04:00,8.7,8.4,259.0,31.0,33.0,0.0
2025-11-11T05:00,10.5,10.2,299.0,39.6,21.0,0.0
2025-11-11T06:00,10.4,10.1,355.0,34.3,27.0,0.0
2025-11-11T07:00,21.2,21.0,442.0,34.4,33.0,0.0
2025-11-11T08:00,20.3,20.1,544.0,34.4,42.0,0.0
2025-11-11T09:00,14.6,14.5,612.0,32.8,54.0,0.0
2025-11-11T10:00,13.0,13.0,615.0,28.4,73.0,0.0
2025-11-11T11:00,11.6,11.5,582.0,22.6,96.0,0.0
2025-11-11T12:00,10.8,10.7,551.0,17.8,114.0,0.0
2025-11-11T13:00,11.1,11.0,524.0,14.6,126.0,0.0
2025-11-11T14:00,11.4,11.3,499.0,12.5,134.0,0.0
2025-11-11T15:00,11.5,11.4,502.0,12.4,135.0,0.0
2025-11-11T16:00,12.2,12.0,569.0,14.6,126.0,0.0
2025-11-11T17:00,12.8,12.7,664.0,19.0,111.0,0.0
2025-11-11T18:00,13.5,13.2,706.0,26.3,92.0,0.0
2025-11-11T19:00,15.0,14.8,631.0,36.1,73.0,0.0
2025-11-11T20:00,17.2,17.1,503.0,49.7,46.0,0.0
2025-11-11T21:00,20.4,20.3,429.0,60.6,25.0,0.0
2025-11-11T22:00,25.3,25.2,481.0,66.0,14.0,0.0
2025-11-11T23:00,30.9,30.7,586.0,68.7,9.0,0.0
2025-11-12T00:00,36.6,36.4,637.0,70.2,5.0,0.0
2025-11-12T01:00,44.0,43.9,561.0,70.7,2.0,0.0
2025-11-12T02:00,48.0,47.8,430.0,70.0,1.0,0.0
2025-11-12T03:00,49.1,49.0,351.0,69.0,0.0,0.0
2025-11-12T04:00,48.4,48.4,363.0,67.9,0.0,0.0
2025-11-12T05:00,46.9,46.9,428.0,66.5,0.0,0.0
2025-11-12T06:00,45.3,45.2,534.0,66.9,1.0,0.0
2025-11-12T07:00,51.8,51.8,727.0,67.7,14.0,0.0
2025-11-12T08:00,63.1,63.1,963.0,68.2,34.0,0.0
2025-11-12T09:00,41.3,41.1,1095.0,64.1,57.0,0.0
2025-11-12T10:00,29.7,29.6,1036.0,51.0,87.0,0.0
2025-11-12T11:00,23.9,23.6,874.0,33.3,120.0,0.0
2025-11-12T12:00,22.2,22.1,726.0,19.8,146.0,0.0
2025-11-12T13:00,21.8,21.7,624.0,14.0,161.0,0.0
2025-11-12T14:00,22.4,22.2,536.0,12.3,169.0,0.0
2025-11-12T15:00,22.6,22.5,478.0,12.9,167.0,0.0
2025-11-12T16:00,22.1,21.9,468.0,15.6,152.0,0.0
2025-11-12T17:00,22.2,22.1,488.0,20.6,127.0,0.0
2025-11-12T18:00,15.8,15.7,500.0,26.5,93.0,0.0
2025-11-12T19:00,14.5,14.5,474.0,33.0,75.0,0.0
2025-11-12T20:00,14.7,14.6,441.0,42.1,50.0,0.0
2025-11-12T21:00,17.1,17.1,452.0,50.0,30.0,0.0
2025-11-12T22:00,19.0,19.0,556.0,55.7,20.0,0.0
2025-11-12T23:00,22.1,22.1,706.0,60.2,14.0,0.0
2025-11-13T00:00,25.7,25.7,810.0,62.8,10.0,0.0
2025-11-13T01:00,32.5,32.4,823.0,62.5,6.0,0.0
2025-11-13T02:00,36.7,36.7,791.0,60.2,4.0,0.0
2025-11-13T03:00,43.1,43.1,758.0,58.1,2.0,0.0
2025-11-13T04:00,41.0,41.0,716.0,56.7,0.0,0.0
2025-11-13T05:00,39.9,39.8,673.0,55.5,0.0,0.0
2025-11-13T06:00,34.0,34.0,699.0,58.9,1.0,0.0
2025-11-13T07:00,41.8,41.7,885.0,59.2,13.0,0.0
2025-11-13T08:00,57.3,57.2,1140.0,59.1,30.0,0.0
2025-11-13T09:00,28.5,28.4,1265.0,55.6,50.0,0.0
2025-11-13T10:00,20.7,20.7,1137.0,45.5,76.0,0.0
2025-11-13T11:00,16.1,16.0,878.0,32.0,104.0,0.0
2025-11-13T12:00,14.9,14.8,653.0,21.1,127.0,0.0
2025-11-13T13:00,14.1,14.1,512.0,14.8,142.0,0.0
2025-11-13T14:00,13.6,13.5,404.0,11.1,151.0,0.0
2025-11-13T15:00,12.8,12.7,344.0,10.3,150.0,0.0
2025-11-13T16:00,11.8,11.7,355.0,13.1,135.0,0.0
2025-11-13T17:00,10.7,10.6,413.0,18.7,109.0,0.0
2025-11-13T18:00,7.6,7.5,458.0,24.7,86.0,0.0
2025-11-13T19:00,9.7,9.6,456.0,32.2,69.0,0.0
2025-11-13T20:00,11.6,11.5,440.0,42.8,45.0,0.0
2025-11-13T21:00,14.6,14.5,452.0,51.6,26.0,0.0
2025-11-13T22:00,18.7,18.6,532.0,57.1,16.0,0.0
2025-11-13T23:00,23.1,23.0,641.0,60.9,11.0,0.0
2025-11-14T00:00,28.5,28.3,697.0,63.1,7.0,0.0
2025-11-14T01:00,35.5,35.3,652.0,63.4,3.0,0.0
2025-11-14T02:00,43.7,43.5,554.0,62.2,1.0,0.0
2025-11-14T03:00,39.8,39.8,474.0,60.5,0.0,0.0
2025-11-14T04:00,31.9,31.9,401.0,58.2,0.0,0.0
2025-11-14T05:00,31.5,31.5,345.0,55.4,1.0,0.0
2025-11-14T06:00,39.2,39.2,408.0,58.4,0.0,0.0
2025-11-14T07:00,46.3,46.1,724.0,60.0,14.0,0.0
2025-11-14T08:00,60.3,60.1,1159.0,61.6,35.0,0.0
2025-11-14T09:00,30.9,30.7,1405.0,58.5,56.0,0.0
2025-11-14T10:00,22.2,22.1,1286.0,46.4,77.0,0.0
2025-11-14T11:00,14.6,14.4,978.0,29.6,98.0,0.0
2025-11-14T12:00,12.3,12.1,710.0,16.6,113.0,0.0
2025-11-14T13:00,10.5,10.4,551.0,10.3,120.0,0.0
2025-11-14T14:00,9.6,9.5,431.0,7.9,122.0,0.0
2025-11-14T15:00,9.3,9.2,368.0,9.1,117.0,0.0
2025-11-14T16:00,8.8,8.7,386.0,15.2,104.0,0.0
2025-11-14T17:00,8.5,8.4,460.0,24.9,86.0,0.0
2025-11-14T18:00,8.9,8.9,532.0,33.6,68.0,0.0
2025-11-14T19:00,12.6,12.6,571.0,42.8,53.0,0.0
2025-11-14T20:00,16.6,16.6,609.0,55.6,32.0,0.0
2025-11-14T21:00,21.6,21.5,681.0,65.5,15.0,0.0
2025-11-14T22:00,28.2,28.1,834.0,69.7,8.0,0.0
2025-11-14T23:00,35.3,35.0,1021.0,71.1,5.0,0.0
2025-11-15T00:00,44.0,43.7,1138.0,71.4,3.0,0.0
2025-11-15T01:00,48.9,48.5,1129.0,70.7,2.0,0.0
2025-11-15T02:00,48.3,47.8,1050.0,68.9,2.0,0.0
2025-11-15T03:00,43.2,42.7,969.0,68.2,2.0,0.0
2025-11-15T04:00,38.6,38.3,870.0,69.8,0.0,0.0
2025-11-15T05:00,35.9,35.5,768.0,72.4,0.0,0.0
2025-11-15T06:00,36.2,35.7,775.0,63.6,0.0,0.0
2025-11-15T07:00,41.3,40.9,1028.0,68.5,12.0,0.0
2025-11-15T08:00,49.5,48.9,1390.0,74.5,30.0,0.0
2025-11-15T09:00,34.1,33.9,1565.0,73.3,49.0,0.0
2025-11-15T10:00,17.2,17.2,1369.0,57.9,71.0,0.0
2025-11-15T11:00,11.1,11.1,985.0,35.4,95.0,0.0
2025-11-15T12:00,9.2,9.1,671.0,18.2,113.0,0.0
2025-11-15T13:00,8.5,8.5,512.0,10.8,122.0,0.0
2025-11-15T14:00,8.7,8.6,422.0,8.9,125.0,0.0
2025-11-15T15:00,9.1,9.1,400.0,11.7,120.0,0.0
2025-11-15T16:00,9.6,9.5,466.0,21.2,105.0,0.0
2025-11-15T17:00,10.3,10.2,600.0,35.4,83.0,0.0
2025-11-15T18:00,14.0,14.0,734.0,47.6,64.0,0.0
2025-11-15T19:00,19.3,19.3,847.0,54.8,50.0,0.0
2025-11-15T20:00,24.9,24.9,961.0,64.8,31.0,0.0
2025-11-15T21:00,31.7,31.7,1078.0,73.1,16.0,0.0
2025-11-15T22:00,42.6,42.6,1231.0,78.1,9.0,0.0
2025-11-15T23:00,52.9,52.9,1387.0,81.2,5.0,0.0
2025-11-16T00:00,55.5,55.5,1443.0,82.6,3.0,0.0
2025-11-16T01:00,55.3,55.3,1314.0,81.5,2.0,0.0
2025-11-16T02:00,53.1,53.1,1084.0,78.6,2.0,0.0
2025-11-16T03:00,48.5,48.5,908.0,75.6,2.0,0.0
2025-11-16T04:00,43.1,43.1,823.0,72.8,0.0,0.0
2025-11-16T05:00,38.8,38.6,792.0,70.0,0.0,0.0
2025-11-16T06:00,34.8,34.6,854.0,74.4,2.0,0.0
2025-11-16T07:00,42.6,42.5,1121.0,75.1,16.0,0.0
2025-11-16T08:00,58.0,57.7,1481.0,75.2,36.0,0.0
2025-11-16T09:00,31.8,31.8,1635.0,69.2,58.0,0.0
2025-11-16T10:00,13.0,13.0,1382.0,51.1,83.0,0.0
2025-11-16T11:00,9.8,9.7,923.0,26.8,110.0,0.0
2025-11-16T12:00,8.9,8.8,558.0,9.0,130.0,0.0
2025-11-16T13:00,8.7,8.7,402.0,2.9,138.0,0.0
2025-11-16T14:00,8.8,8.8,341.0,3.2,139.0,0.0
2025-11-16T15:00,8.9,8.8,331.0,6.8,134.0,0.0
2025-11-16T16:00,9.0,9.0,372.0,13.1,124.0,0.0
2025-11-16T17:00,9.3,9.2,464.0,22.6,109.0,0.0
2025-11-16T18:00,13.7,13.7,560.0,36.8,83.0,0.0
2025-11-16T19:00,18.2,18.2,627.0,47.9,65.0,0.0
2025-11-16T20:00,22.4,22.3,697.0,63.1,40.0,0.0
2025-11-16T21:00,29.9,29.9,821.0,74.8,21.0,0.0
2025-11-16T22:00,40.9,40.9,1078.0,79.3,14.0,0.0
2025-11-16T23:00,50.5,50.5,1389.0,80.2,12.0,0.0
2025-11-17T00:00,54.5,54.5,1569.0,80.1,11.0,0.0
2025-11-17T01:00,53.7,53.6,1504.0,79.3,9.0,0.0
2025-11-17T02:00,50.3,50.3,1308.0,77.5,9.0,0.0
2025-11-17T03:00,45.6,45.6,1144.0,76.5,8.0,0.0
2025-11-17T04:00,41.0,41.0,1049.0,76.9,5.0,0.0
2025-11-17T05:00,37.6,37.6,985.0,78.1,2.0,0.0
2025-11-17T06:00,38.3,38.3,1002.0,80.1,3.0,0.0
2025-11-17T07:00,44.6,44.6,1205.0,85.4,18.0,0.0
2025-11-17T08:00,51.7,51.7,1490.0,91.5,39.0,0.0
2025-11-17T09:00,44.0,44.0,1591.0,88.4,60.0,0.0
2025-11-17T10:00,19.0,18.9,1325.0,66.7,82.0,0.0
2025-11-17T11:00,12.0,12.0,876.0,35.8,105.0,0.0
2025-11-17T12:00,10.1,10.0,533.0,12.9,122.0,0.0
2025-11-17T13:00,10.3,10.2,409.0,5.0,133.0,0.0
2025-11-17T14:00,10.8,10.7,391.0,5.3,139.0,0.0
2025-11-17T15:00,11.3,11.2,425.0,10.3,136.0,0.0
2025-11-17T16:00,11.6,11.6,501.0,20.9,121.0,0.0
2025-11-17T17:00,12.2,12.1,629.0,36.3,98.0,0.0
2025-11-17T18:00,24.9,24.7,789.0,57.4,74.0,0.0
2025-11-17T19:00,35.4,35.3,985.0,67.6,59.0,0.0
2025-11-17T20:00,44.0,43.9,1214.0,81.8,38.0,0.0
2025-11-17T21:00,49.4,49.2,1444.0,93.2,21.0,0.0
2025-11-17T22:00,49.5,49.4,1707.0,98.9,12.0,0.0
2025-11-17T23:00,51.3,51.3,1971.0,101.9,7.0,0.0
2025-11-18T00:00,51.7,51.7,2107.0,104.1,4.0,0.0
2025-11-18T01:00,50.2,50.1,2017.0,107.2,1.0,0.0
2025-11-18T02:00,47.3,47.3,1800.0,109.4,0.0,0.0
2025-11-18T03:00,43.1,43.1,1620.0,107.9,1.0,0.0
2025-11-18T04:00,39.6,39.6,1519.0,99.1,9.0,0.0
2025-11-18T05:00,37.6,37.5,1455.0,86.4,22.0,0.0
2025-11-18T06:00,36.8,36.7,1467.0,66.5,45.0,0.0
2025-11-18T07:00,42.6,42.5,1664.0,68.7,52.0,0.0
2025-11-18T08:00,51.5,51.3,1936.0,71.0,63.0,0.0
2025-11-18T09:00,43.8,43.7,1993.0,67.6,82.0,0.0
2025-11-18T10:00,34.0,33.8,1624.0,52.9,117.0,0.0
2025-11-18T11:00,27.8,27.6,1040.0,32.3,160.0,0.0
2025-11-18T12:00,24.5,24.4,587.0,16.8,195.0,0.0
2025-11-18T13:00,23.6,23.5,401.0,10.3,216.0,0.0
2025-11-18T14:00,23.6,23.5,346.0,8.8,228.0,0.0
2025-11-18T15:00,24.1,23.9,359.0,10.7,229.0,0.0
2025-11-18T16:00,24.4,24.3,466.0,15.4,218.0,0.0
2025-11-18T17:00,25.0,24.8,642.0,23.4,195.0,0.0
2025-11-18T18:00,12.7,12.7,748.0,27.6,125.0,0.0
2025-11-18T19:00,17.8,17.7,701.0,40.7,96.0,0.0
2025-11-18T20:00,21.3,21.2,585.0,58.7,56.0,0.0
2025-11-18T21:00,26.7,26.5,511.0,72.7,26.0,0.0
2025-11-18T22:00,33.1,33.1,536.0,78.2,15.0,0.0
2025-11-18T23:00,38.4,38.3,603.0,79.6,14.0,0.0
2025-11-19T00:00,38.8,38.8,656.0,80.7,14.0,0.0
2025-11-19T01:00,36.1,36.0,665.0,83.6,14.0,0.0
2025-11-19T02:00,33.4,33.4,660.0,86.2,15.0,0.0
2025-11-19T03:00,31.7,31.5,675.0,86.4,18.0,0.0
2025-11-19T04:00,30.9,30.7,703.0,82.1,20.0,0.0
2025-11-19T05:00,31.2,31.1,751.0,75.3,24.0,0.0
2025-11-19T06:00,39.6,39.6,869.0,78.6,12.0,0.0
2025-11-19T07:00,47.5,47.5,1161.0,77.2,30.0,0.0
2025-11-19T08:00,57.5,57.5,1524.0,74.5,55.0,0.0
2025-11-19T09:00,40.5,40.5,1691.0,67.1,79.0,0.0
2025-11-19T10:00,26.9,26.8,1492.0,50.3,101.0,0.0
2025-11-19T11:00,20.1,19.8,1099.0,28.8,121.0,0.0
2025-11-19T12:00,16.2,15.9,761.0,12.7,135.0,0.0
2025-11-19T13:00,13.9,13.6,546.0,6.2,139.0,0.0
2025-11-19T14:00,12.5,12.3,387.0,5.2,137.0,0.0
2025-11-19T15:00,11.5,11.2,327.0,7.2,129.0,0.0
2025-11-19T16:00,10.8,10.6,447.0,11.8,116.0,0.0
2025-11-19T17:00,10.4,10.2,667.0,19.5,98.0,0.0
2025-11-19T18:00,15.6,15.3,791.0,35.3,74.0,0.0
2025-11-19T19:00,18.8,18.5,693.0,43.2,59.0,0.0
2025-11-19T20:00,23.7,23.4,498.0,54.2,38.0,0.0
2025-11-19T21:00,28.6,28.3,386.0,62.7,21.0,0.0
2025-11-19T22:00,35.9,35.5,456.0,66.0,14.0,0.0
2025-11-19T23:00,45.3,44.9,607.0,66.8,12.0,0.0
2025-11-20T00:00,52.7,52.4,720.0,67.6,10.0,0.0
2025-11-20T01:00,53.7,53.4,748.0,69.0,8.0,0.0
2025-11-20T02:00,49.9,49.7,736.0,70.3,7.0,0.0
2025-11-20T03:00,45.9,45.6,701.0,72.2,6.0,0.0
2025-11-20T04:00,42.4,42.3,612.0,75.8,1.0,0.0
2025-11-20T05:00,46.3,46.2,500.0,79.9,0.0,0.0
2025-11-20T06:00,41.6,41.4,473.0,80.1,3.0,0.0
2025-11-20T07:00,47.4,47.3,633.0,82.0,18.0,0.0
2025-11-20T08:00,57.2,57.0,878.0,83.8,41.0,0.0
2025-11-20T09:00,42.8,42.6,1011.0,78.9,66.0,0.0
2025-11-20T10:00,30.6,30.4,917.0,60.9,96.0,0.0
2025-11-20T11:00,24.1,23.7,712.0,36.2,129.0,0.0
2025-11-20T12:00,21.9,21.6,544.0,17.6,156.0,0.0
2025-11-20T13:00,21.3,21.0,462.0,9.8,174.0,0.0
2025-11-20T14:00,21.8,21.6,418.0,8.1,186.0,0.0
2025-11-20T15:00,22.4,22.2,411.0,11.5,186.0,0.0
2025-11-20T16:00,22.8,22.6,456.0,20.6,171.0,0.0
2025-11-20T17:00,23.3,23.1,539.0,34.7,146.0,0.0
2025-11-20T18:00,28.0,27.9,620.0,51.6,110.0,0.0
2025-11-20T19:00,39.0,38.9,679.0,68.6,84.0,0.0
2025-11-20T20:00,46.4,46.2,735.0,92.0,48.0,0.0
2025-11-20T21:00,54.4,54.1,814.0,108.7,21.0,0.0
2025-11-20T22:00,64.7,64.5,952.0,112.6,10.0,0.0
2025-11-20T23:00,71.0,70.8,1112.0,109.8,8.0,0.0
2025-11-21T00:00,72.4,72.4,1203.0,105.9,6.0,0.0
2025-11-21T01:00,69.8,69.8,1163.0,102.2,3.0,0.0
2025-11-21T02:00,65.9,65.9,1054.0,97.2,2.0,0.0
2025-11-21T03:00,62.4,62.4,969.0,92.4,1.0,0.0
2025-11-21T04:00,58.9,58.8,927.0,88.3,0.0,0.0
2025-11-21T05:00,55.9,55.9,911.0,84.2,0.0,0.0
2025-11-21T06:00,53.2,53.2,958.0,79.9,0.0,0.0
2025-11-21T07:00,62.4,62.4,1160.0,77.7,16.0,0.0
2025-11-21T08:00,80.8,80.8,1426.0,73.8,39.0,0.0
2025-11-21T09:00,47.6,47.4,1526.0,65.3,67.0,0.0
2025-11-21T10:00,26.4,26.3,1302.0,47.7,104.0,0.0
2025-11-21T11:00,22.9,22.8,913.0,25.5,145.0,0.0
2025-11-21T12:00,22.0,21.9,603.0,9.2,175.0,0.0
2025-11-21T13:00,21.6,21.5,464.0,3.7,187.0,0.0
2025-11-21T14:00,21.4,21.2,405.0,4.2,187.0,0.0
2025-11-21T15:00,21.1,21.0,399.0,6.7,181.0,0.0
2025-11-21T16:00,20.5,20.4,476.0,9.8,169.0,0.0
2025-11-21T17:00,19.8,19.7,606.0,15.0,151.0,0.0
2025-11-21T18:00,20.8,20.8,674.0,22.8,129.0,0.0
2025-11-21T19:00,22.0,21.9,597.0,35.0,102.0,0.0
2025-11-21T20:00,24.0,23.9,457.0,49.7,72.0,0.0
2025-11-21T21:00,29.3,29.2,386.0,61.8,48.0,0.0
2025-11-21T22:00,36.6,36.4,463.0,69.6,33.0,0.0
2025-11-21T23:00,46.1,46.0,609.0,74.8,24.0,0.0
2025-11-22T00:00,51.2,51.1,720.0,77.4,19.0,0.0
2025-11-22T01:00,50.3,50.3,755.0,75.9,18.0,0.0
2025-11-22T02:00,49.5,49.4,754.0,71.8,20.0,0.0
2025-11-22T03:00,49.5,49.4,739.0,69.1,22.0,0.0
2025-11-22T04:00,49.4,49.2,683.0,70.1,20.0,0.0
2025-11-22T05:00,49.7,49.6,612.0,72.5,19.0,0.0
2025-11-22T06:00,49.5,49.4,624.0,73.1,22.0,0.0
2025-11-22T07:00,53.3,53.3,831.0,71.3,33.0,0.0
2025-11-22T08:00,61.2,61.0,1121.0,67.7,50.0,0.0
2025-11-22T09:00,44.2,44.1,1262.0,60.9,69.0,0.0
2025-11-22T10:00,33.4,33.2,1107.0,48.2,92.0,0.0
2025-11-22T11:00,27.6,27.4,802.0,32.3,117.0,0.0
2025-11-22T12:00,24.2,24.0,551.0,19.9,135.0,0.0
2025-11-22T13:00,22.1,21.9,424.0,13.6,144.0,0.0
2025-11-22T14:00,20.3,20.1,352.0,10.9,146.0,0.0
2025-11-22T15:00,18.5,18.3,322.0,10.5,141.0,0.0
2025-11-22T16:00,16.4,16.2,356.0,12.5,126.0,0.0
2025-11-22T17:00,14.3,14.1,434.0,16.8,104.0,0.0
2025-11-22T18:00,13.8,13.7,484.0,22.3,82.0,0.0
2025-11-22T19:00,14.7,14.6,472.0,29.4,63.0,0.0
2025-11-22T20:00,15.8,15.8,432.0,37.7,44.0,0.0
2025-11-22T21:00,17.8,17.8,399.0,44.2,30.0,0.0
2025-11-22T22:00,21.3,21.2,390.0,47.7,22.0,0.0
2025-11-22T23:00,24.7,24.6,388.0,49.4,18.0,0.0
2025-11-23T00:00,26.3,26.1,372.0,50.1,15.0,0.0
2025-11-23T01:00,26.7,26.6,321.0,49.6,14.0,0.0
2025-11-23T02:00,28.5,28.3,256.0,47.9,14.0,0.0
2025-11-23T03:00,32.5,32.4,217.0,46.5,14.0,0.0
2025-11-23T04:00,35.6,35.5,217.0,46.2,13.0,0.0
2025-11-23T05:00,32.9,32.8,243.0,46.0,12.0,0.0
2025-11-23T06:00,33.5,33.4,292.0,44.3,15.0,0.0
2025-11-23T07:00,34.2,34.1,384.0,39.9,23.0,0.0
2025-11-23T08:00,28.2,28.1,500.0,34.0,35.0,0.0
2025-11-23T09:00,19.4,19.3,581.0,28.1,49.0,0.0
2025-11-23T10:00,16.4,16.3,599.0,22.1,67.0,0.0
2025-11-23T11:00,13.7,13.6,583.0,16.1,87.0,0.0
2025-11-23T12:00,11.6,11.4,556.0,11.6,103.0,0.0
2025-11-23T13:00,10.8,10.6,514.0,9.0,114.0,0.0
2025-11-23T14:00,10.8,10.6,462.0,7.9,122.0,0.0
2025-11-23T15:00,10.7,10.6,436.0,8.8,122.0,0.0
2025-11-23T16:00,10.4,10.2,465.0,12.0,113.0,0.0
2025-11-23T17:00,10.0,9.9,520.0,17.3,96.0,0.0
2025-11-23T18:00,10.5,10.4,554.0,24.3,78.0,0.0
2025-11-23T19:00,16.9,16.9,543.0,34.2,56.0,0.0
2025-11-23T20:00,19.7,19.6,511.0,45.9,33.0,0.0
2025-11-23T21:00,23.5,23.4,483.0,55.0,15.0,0.0
2025-11-23T22:00,27.6,27.5,460.0,59.2,7.0,0.0
2025-11-23T23:00,36.3,36.2,442.0,60.8,6.0,0.0
2025-11-24T00:00,44.9,44.8,449.0,63.1,5.0,0.0
2025-11-24T01:00,48.0,47.8,501.0,67.2,3.0,0.0
2025-11-24T02:00,46.6,46.4,578.0,71.9,3.0,0.0
2025-11-24T03:00,43.7,43.7,644.0,76.6,2.0,0.0
2025-11-24T04:00,41.3,41.3,664.0,82.2,0.0,0.0
2025-11-24T05:00,39.3,39.2,673.0,87.7,0.0,0.0
2025-11-24T06:00,37.5,37.5,736.0,89.5,1.0,0.0
2025-11-24T07:00,40.2,40.2,947.0,86.5,19.0,0.0
2025-11-24T08:00,46.3,46.3,1212.0,79.8,46.0,0.0
2025-11-24T09:00,39.6,39.5,1316.0,69.0,75.0,0.0
2025-11-24T10:00,29.4,29.3,1106.0,50.5,107.0,0.0
2025-11-24T11:00,23.6,23.5,735.0,28.0,141.0,0.0
2025-11-24T12:00,22.2,22.0,449.0,11.5,167.0,0.0
2025-11-24T13:00,21.8,21.7,348.0,5.6,181.0,0.0
2025-11-24T14:00,22.2,22.1,333.0,5.7,187.0,0.0
2025-11-24T15:00,22.6,22.5,352.0,8.8,186.0,0.0
2025-11-24T16:00,23.1,22.9,403.0,12.6,179.0,0.0
2025-11-24T17:00,24.0,23.8,488.0,19.3,165.0,0.0
2025-11-24T18:00,28.3,28.1,563.0,32.7,142.0,0.0
2025-11-24T19:00,43.3,43.2,580.0,59.7,103.0,0.0
2025-11-24T20:00,52.4,52.3,585.0,93.5,54.0,0.0
2025-11-24T21:00,64.0,64.0,678.0,117.1,18.0,0.0
2025-11-24T22:00,65.9,65.7,970.0,121.7,4.0,0.0
2025-11-24T23:00,63.6,63.6,1349.0,116.2,3.0,0.0
2025-11-25T00:00,62.4,62.4,1573.0,109.9,3.0,0.0
2025-11-25T01:00,59.0,59.0,1496.0,105.5,1.0,0.0
2025-11-25T02:00,54.8,54.7,1264.0,100.3,0.0,0.0
2025-11-25T03:00,50.3,50.3,1068.0,95.6,0.0,0.0
2025-11-25T04:00,45.9,45.9,953.0,92.0,0.0,0.0
2025-11-25T05:00,41.7,41.7,875.0,88.9,0.0,0.0
2025-11-25T06:00,38.6,38.5,892.0,85.7,0.0,0.0
2025-11-25T07:00,41.3,41.2,1120.0,83.8,16.0,0.0
2025-11-25T08:00,49.8,49.7,1442.0,81.8,39.0,0.0
2025-11-25T09:00,40.9,40.9,1568.0,74.3,66.0,0.0
2025-11-25T10:00,27.8,27.6,1299.0,55.5,101.0,0.0
2025-11-25T11:00,23.5,23.3,833.0,31.2,141.0,0.0
2025-11-25T12:00,21.9,21.8,480.0,13.3,172.0,0.0
2025-11-25T13:00,22.1,21.9,373.0,6.9,189.0,0.0
2025-11-25T14:00,22.9,22.8,378.0,6.9,198.0,0.0
2025-11-25T15:00,23.3,23.3,399.0,10.4,197.0,0.0
2025-11-25T16:00,24.7,24.6,415.0,17.0,186.0,0.0
2025-11-25T17:00,27.1,27.0,447.0,27.1,166.0,0.0
2025-11-25T18:00,31.8,31.7,465.0,38.8,142.0,0.0
2025-11-25T19:00,39.6,39.5,470.0,53.0,112.0,0.0
2025-11-25T20:00,40.2,40.0,467.0,68.8,79.0,0.0
2025-11-25T21:00,44.1,44.1,684.0,81.1,52.0,0.0
2025-11-25T22:00,50.3,50.2,759.0,88.0,36.0,0.0
2025-11-25T23:00,55.6,55.5,827.0,91.4,26.0,0.0
2025-11-26T00:00,56.7,56.6,863.0,91.8,20.0,0.0
2025-11-26T01:00,54.0,54.0,843.0,88.0,19.0,0.0
2025-11-26T02:00,53.1,53.0,791.0,81.3,22.0,0.0
2025-11-26T03:00,54.4,54.2,758.0,75.6,25.0,0.0
2025-11-26T04:00,55.5,55.4,768.0,72.4,25.0,0.0
2025-11-26T05:00,55.2,55.2,796.0,70.4,24.0,0.0
2025-11-26T06:00,55.2,55.1,817.0,69.0,23.0,0.0
2025-11-26T07:00,,,,,,
2025-11-26T08:00,,,,,,
2025-11-26T09:00,,,,,,
2025-11-26T10:00,,,,,,
2025-11-26T11:00,,,,,,
2025-11-26T12:00,,,,,,
2025-11-26T13:00,,,,,,
2025-11-26T14:00,,,,,,
2025-11-26T15:00,,,,,,
2025-11-26T16:00,,,,,,
2025-11-26T17:00,,,,,,
2025-11-26T18:00,,,,,,
2025-11-26T19:00,,,,,,
2025-11-26T20:00,,,,,,
2025-11-26T21:00,,,,,,
2025-11-26T22:00,,,,,,
2025-11-26T23:00,,,,,,
